route,cat,h1,priority,clicks,impressions,status,severity,existing_authored,generic,new_needed,hero_needed,words,og_generic
/blog/ai-future/ai-impact-on-it-jobs-india/,ai-future,AI impact on IT jobs India: what is actually shrinking and what is not,P1,5,128,GENERIC FALLBACK ONLY,RED,0,10,6,1,3327,1
/blog/ai-future/best-career-paths-for-the-next-10-years/,ai-future,Best career paths for the next 10 years — what the data actually says,P1,21,2261,AUTHORED + GENERIC EXTRAS,AMBER,6,10,5,0,7436,1
/blog/ai-future/jobs-ai-cannot-replace-india/,ai-future,Jobs AI Cannot Replace in India: 15 Roles With the Strongest Evidence Right Now,P1,2,196,GENERIC FALLBACK ONLY,RED,0,10,6,1,2226,1
/blog/career-guidance/factors-to-consider-when-choosing-a-career/,career-guidance,Which Factor Is Important While Choosing a Career? The 8 That Actually Decide It,P1,2,372,AUTHORED + GENERIC EXTRAS,AMBER,6,11,2,0,3603,1
/blog/career-options/best-career-for-analytical-thinkers-india/,career-options,Best career for analytical thinkers in India: not the same as being good at maths,P1,2,224,GENERIC FALLBACK ONLY,RED,0,10,7,1,6428,1
/blog/career-options/best-career-options-with-high-salary/,career-options,Best career options with high salary: what actually pays,P1,1,243,AUTHORED,AMBER,11,0,0,0,4596,0
/blog/career-options/best-careers-for-introverts-in-india/,career-options,"Best careers for introverts in India: the fit test, not just a job list",P1,1,232,GENERIC FALLBACK ONLY,RED,0,10,7,1,5147,1
/blog/career-options/best-mba-specialization-for-engineers/,career-options,"Best MBA specialization for engineers: what actually pays off, not what sounds safe",P1,4,580,GENERIC FALLBACK ONLY,RED,0,10,7,1,5769,1
/blog/career-options/best-paying-jobs-for-humanities-students-india/,career-options,"Best paying jobs for humanities students India: ranked by real pay, not prestige",P1,6,838,GENERIC FALLBACK ONLY,RED,0,10,6,1,4468,1
/blog/career-options/biotechnology-career-objective-and-goals/,career-options,Career Objective for Biotechnology: Resume Examples & Real Goals,P1,4,122,GENERIC FALLBACK ONLY,RED,0,10,6,1,4319,1
/blog/career-options/biotechnology-career-path/,career-options,"Biotechnology career path: the real 10-15 year roadmap, role by role",P1,3,158,GENERIC FALLBACK ONLY,RED,0,10,6,1,4029,1
/blog/career-options/biotechnology-careers-abroad/,career-options,"Biotechnology Career Abroad: USA, Canada, and Australia, Decided Honestly",P1,1,192,GENERIC FALLBACK ONLY,RED,0,10,7,1,5899,1
/blog/career-options/biotechnology-careers-in-medical-field/,career-options,Biotechnology Careers in the Medical Field: The Real Job Map,P1,3,426,GENERIC FALLBACK ONLY,RED,0,10,7,1,6140,1
/blog/career-options/biotechnology-careers-salary/,career-options,Biotechnology careers salary: the full list and what each one pays,P1,0,445,GENERIC FALLBACK ONLY,RED,0,10,7,1,5935,1
/blog/career-options/ca-vs-cma-vs-cfa-india-which-is-better/,career-options,CA vs CMA vs CFA India: Which Is Better Depends on Which Job You Actually Want,P1,1,413,GENERIC FALLBACK ONLY,RED,0,10,6,1,4416,1
/blog/career-options/career-after-ba-english-literature-india/,career-options,Career after BA English literature India: 9 real paths beyond content writing and NET,P1,1,195,GENERIC FALLBACK ONLY,RED,0,10,7,1,4941,1
/blog/career-options/career-after-ba-history-india/,career-options,Career after BA history India: 9 real paths beyond UPSC and the classroom,P1,7,757,GENERIC FALLBACK ONLY,RED,0,10,7,1,4837,1
/blog/career-options/career-after-bsc-computer-science/,career-options,"Career After BSc Computer Science: Job, MCA, or MSc, Decided Honestly",P1,0,181,GENERIC FALLBACK ONLY,RED,0,10,6,1,2000,1
/blog/career-options/career-after-btech-other-than-software/,career-options,Career after B.Tech other than software: 12 real paths that pay,P1,14,854,GENERIC FALLBACK ONLY,RED,0,10,7,1,5702,1
/blog/career-options/career-after-electrical-engineering-in-india/,career-options,Career after electrical engineering in India: 12 paths from DISCOMs to VLSI and EVs,P1,2,595,GENERIC FALLBACK ONLY,RED,0,10,7,1,6577,1
/blog/career-options/career-after-mbbs-other-than-clinical-practice-india/,career-options,Career after MBBS other than clinical practice India: 10 real paths that pay,P1,6,572,GENERIC FALLBACK ONLY,RED,0,10,7,1,5945,1
/blog/career-options/career-after-mechanical-engineering-in-india/,career-options,Career after mechanical engineering in India: 13 paths from GATE-PSU to EV and robotics,P1,0,157,GENERIC FALLBACK ONLY,RED,0,10,7,1,6056,1
/blog/career-options/career-in-biotechnology-after-12th/,career-options,"Career in Biotechnology After 12th: The Stream, Degree, and Test-It-First Checklist",P1,0,177,GENERIC FALLBACK ONLY,RED,0,10,7,1,5126,1
/blog/career-options/career-in-psychology-india-salary-scope/,career-options,"Career in psychology India salary scope: 6 real tracks, RCI rules, and honest pay data",P1,3,532,GENERIC FALLBACK ONLY,RED,0,10,7,1,5512,1
/blog/career-options/career-objective-for-computer-science-fresher/,career-options,Career Objective for Computer Science Fresher: Real Resume Examples,P1,0,181,GENERIC FALLBACK ONLY,RED,0,10,6,1,1526,1
/blog/career-options/career-options-in-pcb-with-computer-science/,career-options,Career options in PCB with Computer Science: what the combination really unlocks,P1,2,655,GENERIC FALLBACK ONLY,RED,0,10,7,1,5666,1
/blog/career-options/data-science-vs-software-engineering-career-india/,career-options,Data science vs software engineering career India: the honest 2026 comparison,P1,3,396,GENERIC FALLBACK ONLY,RED,0,10,7,1,5035,1
/blog/career-options/digital-marketing-career-for-commerce-students-india/,career-options,Digital Marketing Career for Commerce Students India: Why BCom Fits Better Than You Think,P1,0,164,GENERIC FALLBACK ONLY,RED,0,10,6,1,3825,1
/blog/career-options/how-to-become-a-teacher-trainer-india/,career-options,How to Become a Teacher Trainer in India: A Real Career Path Guide,P1,8,334,GENERIC FALLBACK ONLY,RED,0,10,6,1,3658,1
/blog/career-options/is-bams-a-good-career-option/,career-options,"Is BAMS a Good Career Option? Real Pay, Scope, and Verdict",P1,0,203,GENERIC FALLBACK ONLY,RED,0,10,6,1,3963,1
/blog/career-options/is-ca-a-good-career-in-india/,career-options,"Is CA a good career in India? The honest verdict, not the family-function version",P1,0,824,GENERIC FALLBACK ONLY,RED,0,10,7,1,6047,1
/blog/career-options/is-data-engineer-a-good-career/,career-options,Is Data Engineer a Good Career? The Honest 2026 Verdict for India,P1,3,338,GENERIC FALLBACK ONLY,RED,0,10,7,1,5998,1
/blog/career-options/is-forensic-science-a-good-career/,career-options,"Is Forensic Science a Good Career in India? Real Pay, NFSU, and the BNSS Demand Surge",P1,2,394,GENERIC FALLBACK ONLY,RED,0,10,8,1,7452,1
/blog/career-options/is-lawyer-a-good-career-in-india/,career-options,Is Lawyer a Good Career in India? The First 5 Years Decide Everything,P1,1,155,GENERIC FALLBACK ONLY,RED,0,10,7,1,6188,1
/blog/career-options/is-pilot-a-good-career-in-india/,career-options,Is Pilot a Good Career in India? What DGCA's Own Numbers Show,P1,0,375,GENERIC FALLBACK ONLY,RED,0,10,7,1,6431,1
/blog/career-options/is-sales-a-good-career/,career-options,Is Sales a Good Career? The Honest Verdict Before You Choose It,P1,0,162,GENERIC FALLBACK ONLY,RED,0,10,7,1,4657,1
/blog/career-options/msc-biotechnology-career-options/,career-options,MSc Biotechnology Career Options — The Real Fork Between a PhD and an Industry Role,P1,1,329,GENERIC FALLBACK ONLY,RED,0,10,7,1,5401,1
/blog/career-options/pcb-career-options-without-maths/,career-options,Career options with PCB without Maths: what's blocked and what's wide open,P1,3,622,GENERIC FALLBACK ONLY,RED,0,10,7,1,5380,1
/blog/career-options/teaching-vs-corporate-career-india-which-to-choose/,career-options,"Teaching vs corporate career India: which to choose, decided honestly",P1,2,344,GENERIC FALLBACK ONLY,RED,0,10,7,1,4602,1
/blog/career-options/tier-2-college-student-career-options-india/,career-options,"Tier 2 college student career options India: the real gap, and how to close it",P1,2,337,GENERIC FALLBACK ONLY,RED,0,10,7,1,4501,1
/blog/career-options/upsc-alternative-careers-for-humanities-students-india/,career-options,UPSC alternative careers for humanities students India: 10 real paths that pay,P1,1,242,GENERIC FALLBACK ONLY,RED,0,10,6,1,4335,1
/blog/college-degrees/1-year-mba-india-worth-it/,college-degrees,1-year MBA India worth it? The real trade-off vs the 2-year format,P1,1,328,GENERIC FALLBACK ONLY,RED,0,10,6,1,3544,1
/blog/college-degrees/best-courses-after-12th-for-high-salary-india/,college-degrees,Best Courses After 12th for High Salary in India: A Degree-by-Degree Ranking,P1,0,282,AUTHORED,AMBER,6,0,0,0,4173,0
/blog/college-degrees/best-courses-after-ba-for-good-salary-india/,college-degrees,Best courses after BA for good salary India: 8 paths ranked by real ROI,P1,0,252,GENERIC FALLBACK ONLY,RED,0,10,7,1,4768,1
/blog/college-degrees/best-courses-after-bcom-for-high-salary/,college-degrees,Best courses after BCom for high salary: ranked by real cost-to-income math,P1,1,316,GENERIC FALLBACK ONLY,RED,0,10,7,1,5138,1
/blog/college-degrees/best-diploma-courses-after-12th/,college-degrees,"Best diploma courses after 12th: 15 real options, real pay, real trade-offs",P1,3,1251,GENERIC FALLBACK ONLY,RED,0,10,7,1,5184,1
/blog/college-degrees/best-postgraduate-courses-for-science-students-india/,college-degrees,Best postgraduate courses for science students India: the full map by subject,P1,10,1354,GENERIC FALLBACK ONLY,RED,0,10,7,1,4595,1
/blog/college-degrees/career-without-degree-after-12th-india/,college-degrees,"Career without a degree after 12th India: 15 paths across tech, trades, and government exams",P1,31,2477,GENERIC FALLBACK ONLY,RED,0,10,6,1,4425,1
/blog/college-degrees/how-to-read-college-placement-report-india/,college-degrees,How to read a college placement report India: the 7-signal decoding framework,P1,2,700,GENERIC FALLBACK ONLY,RED,0,10,6,1,4290,1
/blog/college-degrees/lateral-entry-mba-india/,college-degrees,"Lateral entry MBA India: what it actually means, and who it is for",P1,9,661,GENERIC FALLBACK ONLY,RED,0,10,6,1,3568,1
/blog/college-degrees/mba-finance-vs-marketing-india/,college-degrees,MBA finance vs marketing India: the honest head-to-head before you pick,P1,1,289,GENERIC FALLBACK ONLY,RED,0,10,6,1,3070,1
/blog/college-degrees/mba-salary-growth-over-time-india/,college-degrees,"MBA Salary Growth Over Time in India: The Real Curve, Tier by Tier",P1,5,109,GENERIC FALLBACK ONLY,RED,0,10,6,1,3828,1
/blog/college-degrees/mba-without-work-experience-india/,college-degrees,"MBA without work experience India: who takes freshers, who does not",P1,3,586,GENERIC FALLBACK ONLY,RED,0,10,6,1,4164,1
/blog/college-degrees/phd-vs-industry-job-india/,college-degrees,PhD vs industry job India: the real 5-year money and career math,P1,0,166,GENERIC FALLBACK ONLY,RED,0,10,6,1,4307,1
/blog/college-degrees/private-college-vs-government-college-career-outcomes-india/,college-degrees,Private college vs government college career outcomes India: what the data says,P1,0,255,GENERIC FALLBACK ONLY,RED,0,10,6,1,4111,1
/blog/college-degrees/should-i-take-drop-year-after-12th/,college-degrees,"Should I take drop year after 12th? A clear-headed answer, not a guilt trip",P1,2,543,GENERIC FALLBACK ONLY,RED,0,10,6,1,4331,1
/blog/freelancing-business/best-freelance-skills-in-demand-india/,freelancing-business,Best freelance skills in demand India: ranked by demand vs real competition,P1,4,1455,CROPPED / BROKEN SET,RED,5,0,6,1,4005,0
/blog/freelancing-business/how-to-become-an-independent-consultant-india/,freelancing-business,How to become an independent consultant in India: are you actually ready to go solo?,P1,8,139,GENERIC FALLBACK ONLY,RED,0,10,6,1,3757,1
/blog/government-jobs/bank-job-vs-it-job-india/,government-jobs,Bank job vs IT job India: the honest trade-off between security and ceiling,P1,5,532,GENERIC FALLBACK ONLY,RED,0,10,7,1,4570,1
/blog/government-jobs/banking-sector-career-india/,government-jobs,"Banking sector career India: PSU vs private, the real ladder, and what each track pays",P1,0,263,NO IMAGES,RED,0,0,7,1,4604,1
/blog/government-jobs/career-options-after-upsc-cse-india/,government-jobs,Career options after UPSC CSE India: the real map once you clear it,P1,2,489,GENERIC FALLBACK ONLY,RED,0,10,6,1,3772,1
/blog/government-jobs/government-exam-preparation-while-working-india/,government-jobs,Government exam preparation while working in India: the realistic plan,P1,4,595,GENERIC FALLBACK ONLY,RED,0,10,6,1,3087,1
/blog/government-jobs/government-jobs-after-engineering-india/,government-jobs,Government jobs after engineering India: the complete route map,P1,1,258,AUTHORED,AMBER,6,0,1,0,4534,0
/blog/government-jobs/psu-jobs-after-engineering-india/,government-jobs,"PSU jobs after engineering India: GATE route, PSU-only exams, and the Maharatna gap",P1,0,276,GENERIC FALLBACK ONLY,RED,0,10,6,1,3864,1
/blog/government-jobs/rbi-and-sbi-career-growth-india/,government-jobs,RBI and SBI career growth India: the regulator ladder vs the commercial bank ladder,P1,1,354,AUTHORED + GENERIC EXTRAS,AMBER,6,10,1,0,4756,0
/blog/government-jobs/ssc-vs-bank-exams-which-to-prepare-india/,government-jobs,"SSC vs bank exams: which to prepare for in India, when you can only pick one",P1,4,2152,GENERIC FALLBACK ONLY,RED,0,10,6,1,4494,1
/blog/government-jobs/state-vs-central-government-jobs-india/,government-jobs,State vs central government jobs India: the honest trade-off before you pick a track,P1,2,537,GENERIC FALLBACK ONLY,RED,0,10,6,1,4450,1
/blog/government-jobs/what-to-do-after-bank-exam-failure-india/,government-jobs,What to do after bank exam failure in India: the honest re-attempt math,P1,2,497,GENERIC FALLBACK ONLY,RED,0,10,6,1,4423,1
/blog/government-jobs/what-to-do-after-failed-upsc-attempts-india/,government-jobs,What to do after failed UPSC attempts in India: an honest recovery plan,P1,4,362,GENERIC FALLBACK ONLY,RED,0,10,6,1,4088,1
/blog/job-search/campus-vs-off-campus-placement-india/,job-search,Campus vs off-campus placement India: the honest head-to-head before you pick a lane,P1,0,222,GENERIC FALLBACK ONLY,RED,0,10,6,1,4085,1
/blog/job-search/gap-year-after-graduation-india/,job-search,Gap Year After Graduation India: When It Helps and When It Quietly Costs You,P1,4,1086,GENERIC FALLBACK ONLY,RED,0,10,6,1,4234,1
/blog/job-search/internship-vs-full-time-job-india/,job-search,Internship vs full-time job India: when the internship is the real offer,P1,0,318,GENERIC FALLBACK ONLY,RED,0,10,6,1,3929,1
/blog/medical-careers/best-paramedical-courses-scope-in-india/,medical-careers,"Best paramedical courses scope in India: 10 specializations, real pay, real rules",P1,4,790,AUTHORED,AMBER,6,0,0,0,4202,0
/blog/medical-careers/medical-coding-career-india/,medical-careers,"Medical coding career scope salary India: the real ladder, not just the CPC pitch",P1,1,191,AUTHORED,AMBER,7,0,0,0,4054,0
/blog/parents/how-much-to-spend-on-child-education-india/,parents,How much to spend on child education in India: a stage-by-stage budget map,P1,1,232,GENERIC FALLBACK ONLY,RED,0,10,7,1,4590,1
/blog/skills/best-skills-for-commerce-students-to-learn/,skills,Best skills for commerce students to learn: the stack that actually pays,P1,7,862,GENERIC FALLBACK ONLY,RED,0,10,7,1,5543,1
/blog/skills/digital-marketing-vs-data-analytics-career-india/,skills,Digital marketing vs data analytics career India: the honest fit-first comparison,P1,1,284,GENERIC FALLBACK ONLY,RED,0,10,7,1,5134,1
/blog/skills/high-income-skills-without-a-degree-india/,skills,High-income skills without a degree India: 6 lanes that actually pay,P1,2,375,AUTHORED,AMBER,6,0,1,0,4524,0
/blog/stream-selection/cuet-vs-jee-which-is-better-for-career/,stream-selection,"CUET vs JEE which is better for career: an honest, exam-by-exam answer",P1,1,1756,GENERIC FALLBACK ONLY,RED,0,10,7,1,4617,1
/blog/stream-selection/engineering-vs-other-streams-which-is-better-career-india/,stream-selection,Engineering vs other streams which is better career India: an honest comparison,P1,2,316,GENERIC FALLBACK ONLY,RED,0,10,7,1,4959,1
/blog/stream-selection/which-stream-to-choose-in-11th/,stream-selection,Which stream to choose in 11th for good career: a fit-first decision guide,P1,4,1041,GENERIC FALLBACK ONLY,RED,0,10,6,1,4119,1
/blog/study-abroad/ms-in-computer-science-vs-mba-india/,study-abroad,MS in Computer Science vs MBA: Which Should Indian Engineers Actually Pursue?,P1,1,217,GENERIC FALLBACK ONLY,RED,0,10,6,1,3420,1
/blog/ai-future/ai-and-human-skills-needed-india/,ai-future,AI and Human Skills Needed in India: What's Rising and What's Falling,P2,0,33,AUTHORED,AMBER,6,0,0,0,2949,0
/blog/ai-future/careers-that-will-survive-ai-india/,ai-future,Careers that will survive AI in India: the four kinds of work automation cannot easily take,P2,0,56,AUTHORED,AMBER,5,0,1,0,2267,0
/blog/ai-future/data-analyst-vs-ai-engineer-career-india/,ai-future,Data analyst vs AI engineer career India: the real entry-barrier gap,P2,0,112,GENERIC FALLBACK ONLY,RED,0,10,7,1,4654,1
/blog/ai-future/machine-learning-vs-data-science-career-path-india/,ai-future,Machine learning vs data science career path India: the honest head-to-head,P2,0,57,GENERIC FALLBACK ONLY,RED,0,10,7,1,5031,1
/blog/ai-future/prompt-engineering-career-india/,ai-future,Prompt engineering career India: is the job title worth chasing in 2026?,P2,0,28,GENERIC FALLBACK ONLY,RED,0,10,6,1,2851,1
/blog/career-change/career-change-after-5-years-india/,career-change,Career change after 5 years India: the inflection point nobody warns you about,P2,2,66,AUTHORED,AMBER,5,0,2,1,3420,0
/blog/career-change/career-switch-from-it-to-management-india/,career-change,"Career switch from IT to management India: the real map, not the MBA-only pitch",P2,1,29,AUTHORED + GENERIC EXTRAS,AMBER,6,10,4,0,5333,1
/blog/career-change/how-to-switch-from-service-company-to-product-company/,career-change,How to switch from service company to product company: the real roadmap,P2,0,50,GENERIC FALLBACK ONLY,RED,0,10,6,1,3923,1
/blog/career-change/it-to-non-it-career-switch-india/,career-change,"IT to non-IT career switch India: 6 real doors, and what each one actually costs you",P2,1,101,GENERIC FALLBACK ONLY,RED,0,10,7,1,4989,1
/blog/career-change/sales-to-marketing-career-switch-india/,career-change,"Sales to marketing career switch India: the 4 real lanes, and what each one costs you",P2,1,25,GENERIC FALLBACK ONLY,RED,0,10,6,1,4470,1
/blog/career-guidance/best-career-for-my-child-after-12th-india/,career-guidance,"Best career for my child after 12th India: a decision filter, not a job list",P2,0,119,AUTHORED + GENERIC EXTRAS,AMBER,6,11,2,0,3911,1
/blog/career-guidance/how-to-choose-a-career-as-a-teenager/,career-guidance,How to Choose a Career as a Teenager: The 3-Window Plan Before Any Work History,P2,1,69,GENERIC FALLBACK ONLY,RED,0,10,6,1,4420,1
/blog/career-guidance/should-you-choose-a-career-for-money/,career-guidance,Should People Choose Careers That Are Monetarily Rewarding? The Honest Verdict,P2,1,39,AUTHORED + GENERIC EXTRAS,AMBER,6,11,2,0,2931,1
/blog/career-guidance/what-is-career-counselling/,career-guidance,What Is Career Counselling? A Plain-Language Definition and How It Works,P2,0,70,AUTHORED + GENERIC EXTRAS,AMBER,6,11,3,0,1769,1
/blog/career-options/actuarial-science-careers/,career-options,"Actuarial Science Careers in India: The Real Exam Grind, Pay, and Verdict",P2,0,102,GENERIC FALLBACK ONLY,RED,0,10,8,1,7772,1
/blog/career-options/bba-career-options/,career-options,"BBA career options: real paths after the degree, not just the MBA default",P2,1,120,GENERIC FALLBACK ONLY,RED,0,10,7,1,4916,1
/blog/career-options/biomedical-science-career-options/,career-options,Biomedical Science Career Options in India: Not the Same Degree as Biomedical Engineering,P2,0,77,GENERIC FALLBACK ONLY,RED,0,10,6,1,2376,1
/blog/career-options/biotechnology-career-scope-and-future/,career-options,Career scope in biotechnology: what's actually growing through 2030,P2,1,135,GENERIC FALLBACK ONLY,RED,0,10,6,1,4419,1
/blog/career-options/bsc-biotechnology-career-options/,career-options,"BSc Biotechnology Career Options: The MSc-vs-Job Fork, Decided Honestly",P2,0,102,GENERIC FALLBACK ONLY,RED,0,10,7,1,5728,1
/blog/career-options/btech-biotechnology-career-options/,career-options,BTech Biotechnology Career Options: The Real Placement Story,P2,0,127,GENERIC FALLBACK ONLY,RED,0,10,7,1,5894,1
/blog/career-options/career-after-12th-maths-without-engineering/,career-options,Career after 12th maths without engineering: 12 real paths that actually work,P2,0,36,GENERIC FALLBACK ONLY,RED,0,10,7,1,4706,1
/blog/career-options/career-after-bcom-in-india/,career-options,Career after BCom in India: 12 real paths once the degree is actually done,P2,0,32,AUTHORED,AMBER,6,0,1,0,5230,0
/blog/career-options/career-after-bcom-other-than-ca-and-mba/,career-options,Career after BCom other than CA and MBA: 11 paths that actually pay,P2,0,53,GENERIC FALLBACK ONLY,RED,0,10,7,1,6551,1
/blog/career-options/career-after-bsc-for-pcb-students/,career-options,Best Career After BSc for PCB Students: The Complete Options Chart,P2,0,73,GENERIC FALLBACK ONLY,RED,0,10,7,1,5176,1
/blog/career-options/career-after-civil-engineering-in-india/,career-options,Career after B.Tech civil engineering India: 12 paths from site work to BIM and structural design,P2,0,82,GENERIC FALLBACK ONLY,RED,0,10,7,1,6335,1
/blog/career-options/career-in-finance-vs-accounting-india/,career-options,Career in finance vs accounting India: the honest head-to-head,P2,0,76,GENERIC FALLBACK ONLY,RED,0,10,7,1,4956,1
/blog/career-options/career-in-home-science/,career-options,Career in Home Science: What It Actually Leads To in India,P2,0,115,GENERIC FALLBACK ONLY,RED,0,10,7,1,6294,1
/blog/career-options/career-in-investment-banking-india-how-to-start/,career-options,Career in investment banking India: how to start without an IIM tag,P2,0,54,GENERIC FALLBACK ONLY,RED,0,10,7,1,6293,1
/blog/career-options/career-in-public-relations-india/,career-options,"Career in public relations India: real pay, real entry routes, and what's changing",P2,0,39,GENERIC FALLBACK ONLY,RED,0,10,7,1,4870,1
/blog/career-options/career-in-research-for-humanities-students-india/,career-options,Career in research for humanities students India: 5 lanes beyond the PhD track,P2,2,59,GENERIC FALLBACK ONLY,RED,0,10,6,1,3692,1
/blog/career-options/career-in-social-media-management-india/,career-options,"Career in social media management India: 3 real lanes, real pay, and what AI changed",P2,0,70,GENERIC FALLBACK ONLY,RED,0,10,7,1,4615,1
/blog/career-options/career-options-after-12th-commerce/,career-options,"Career options after 12th commerce: the real tracks, not just the usual list",P2,0,56,AUTHORED,AMBER,9,0,3,1,7995,0
/blog/career-options/career-options-after-12th-for-girls-in-india/,career-options,"Career options after 12th for girls in India: the real map, not the safe list",P2,1,111,GENERIC FALLBACK ONLY,RED,0,10,6,1,4223,1
/blog/career-options/career-options-after-ma-in-india/,career-options,Career options after MA in India: the 4 real doors once the degree is done,P2,0,55,GENERIC FALLBACK ONLY,RED,0,10,6,1,3636,1
/blog/career-options/career-options-for-average-students-india/,career-options,"Career options for average students in India: real paths, not a consolation list",P2,0,91,GENERIC FALLBACK ONLY,RED,0,10,7,1,4774,1
/blog/career-options/career-options-for-creative-people-india/,career-options,Career options for creative people in India: the aptitude test before the job list,P2,0,51,GENERIC FALLBACK ONLY,RED,0,10,7,1,5786,1
/blog/career-options/career-options-for-non-cs-engineers/,career-options,Career options for non-CS engineers: the real map across every branch,P2,0,41,GENERIC FALLBACK ONLY,RED,0,10,7,1,4858,1
/blog/career-options/career-options-for-pcb-with-psychology/,career-options,"Career options for PCB with psychology: psychiatrist or psychologist, mapped honestly",P2,1,117,GENERIC FALLBACK ONLY,RED,0,10,7,1,5170,1
/blog/career-options/career-options-for-people-good-at-communication-india/,career-options,Career options for people good at communication in India - the 4 currencies before you pick a lane,P2,0,31,GENERIC FALLBACK ONLY,RED,0,10,8,1,7023,1
/blog/career-options/careers-for-people-who-dont-like-desk-jobs-india/,career-options,Career for people who don't like desk jobs in India: the 4 Movement Signals before you pick a lane,P2,0,62,GENERIC FALLBACK ONLY,RED,0,10,8,1,7410,1
/blog/career-options/careers-for-people-who-love-to-teach-india/,career-options,Careers for people who love to teach in India: the honest map beyond the classroom,P2,1,92,GENERIC FALLBACK ONLY,RED,0,10,7,1,6752,1
/blog/career-options/commerce-with-computer-science-career/,career-options,Commerce with Computer Science Career Options: The Real Combination Map,P2,0,141,GENERIC FALLBACK ONLY,RED,0,10,7,1,5418,1
/blog/career-options/computer-science-career-options/,career-options,"Computer Science Career Options: 9 Tracks, Ranked by Real Growth",P2,0,61,GENERIC FALLBACK ONLY,RED,0,10,7,1,6118,1
/blog/career-options/computer-science-engineering-career-options/,career-options,"Computer Science Engineering Career Options: What the ""Engineering"" Label Actually Unlocks",P2,0,28,GENERIC FALLBACK ONLY,RED,0,10,6,1,1925,1
/blog/career-options/content-writing-vs-copywriting-career-india/,career-options,Career in content writing vs copywriting India: the honest pay-and-fit comparison,P2,0,40,GENERIC FALLBACK ONLY,RED,0,10,7,1,5401,1
/blog/career-options/data-science-career-path-and-opportunities/,career-options,Data Science Career Path: The Real Role Ladder and Opportunity Map,P2,0,46,GENERIC FALLBACK ONLY,RED,0,10,7,1,5966,1
/blog/career-options/digital-marketing-career-path-india-role-progression/,career-options,"Digital Marketing Career Path India: The Real Role Ladder, Executive to CMO",P2,1,23,GENERIC FALLBACK ONLY,RED,0,10,6,1,3634,1
/blog/career-options/e-commerce-operations-career-india-how-to-get-into-ecommerce-ops/,career-options,E-commerce Operations Career India: How to Get Into Ecommerce Ops,P2,1,49,GENERIC FALLBACK ONLY,RED,0,10,7,1,4601,1
/blog/career-options/environmental-science-career-options/,career-options,"Environmental Science Career Options in India: 6 Real Tracks Beyond ""NGO Work""",P2,0,59,GENERIC FALLBACK ONLY,RED,0,10,6,1,2157,1
/blog/career-options/financial-analyst-career-path-india/,career-options,"Financial analyst career path India: the calmer, real route to good pay",P2,1,57,GENERIC FALLBACK ONLY,RED,0,10,7,1,5789,1
/blog/career-options/forensic-science-career-options/,career-options,"Forensic Science Career Options in India: The Real Track Map, Not Just the Lab",P2,0,63,GENERIC FALLBACK ONLY,RED,0,10,6,1,3201,1
/blog/career-options/good-career-options-in-india/,career-options,"Good career options in India: 13 real paths, real pay, honest catches",P2,2,74,GENERIC FALLBACK ONLY,RED,0,10,7,1,5559,1
/blog/career-options/health-science-career-opportunities/,career-options,Health Science Career Opportunities in India: What the Umbrella Degree Actually Covers,P2,0,27,GENERIC FALLBACK ONLY,RED,0,10,6,1,1777,1
/blog/career-options/hotel-management-career-india-scope-and-salary/,career-options,"Hotel Management Career India: Real Scope, Salary, and the Grind Nobody Mentions",P2,1,142,GENERIC FALLBACK ONLY,RED,0,10,6,1,3573,1
/blog/career-options/how-to-become-a-business-analyst-entry-level-india/,career-options,How to become a business analyst entry-level in India: what actually gets you hired,P2,1,40,GENERIC FALLBACK ONLY,RED,0,10,6,1,4481,1
/blog/career-options/how-to-become-an-operations-manager-india-career-path/,career-options,"How to become an operations manager in India: the real career path, not the job title",P2,1,49,GENERIC FALLBACK ONLY,RED,0,10,6,1,4434,1
/blog/career-options/how-to-get-product-manager-job-after-engineering/,career-options,How to get a product manager job after engineering: the real playbook,P2,0,44,GENERIC FALLBACK ONLY,RED,0,10,6,1,4459,1
/blog/career-options/hr-career-path-in-india-salary-growth/,career-options,"HR career path in India: the real salary growth ladder, not just job titles",P2,1,123,GENERIC FALLBACK ONLY,RED,0,10,7,1,5307,1
/blog/career-options/is-aeronautical-engineering-a-good-career-in-india/,career-options,"Is Aeronautical Engineering a Good Career in India? Pay, AME Confusion, the Real Catch",P2,1,102,GENERIC FALLBACK ONLY,RED,0,10,7,1,6016,1
/blog/career-options/is-aerospace-engineering-a-good-career-in-india/,career-options,"Is Aerospace Engineering a Good Career in India? ISRO, Private Space, and the Real Pay Math",P2,0,31,GENERIC FALLBACK ONLY,RED,0,10,7,1,6385,1
/blog/career-options/is-agriculture-a-good-career-in-india/,career-options,Is Agriculture a Good Career in India? Degree Path vs Farming Reality,P2,0,26,AUTHORED + GENERIC EXTRAS,AMBER,6,10,1,0,6474,0
/blog/career-options/is-architecture-a-good-career-in-india/,career-options,"Is Architecture a Good Career in India? NATA, COA Licensing, and the Real Pay Math",P2,0,88,GENERIC FALLBACK ONLY,RED,0,10,7,1,6837,1
/blog/career-options/is-automobile-engineering-a-good-career/,career-options,"Is Automobile Engineering a Good Career? Pay, the EV Risk, Verdict",P2,0,63,GENERIC FALLBACK ONLY,RED,0,10,7,1,5391,1
/blog/career-options/is-bioinformatics-a-good-career/,career-options,"Is Bioinformatics a Good Career? Real Pay, AI Overlap, Verdict",P2,2,90,GENERIC FALLBACK ONLY,RED,0,10,6,1,3797,1
/blog/career-options/is-biomedical-engineering-a-good-career/,career-options,Is Biomedical Engineering a Good Career in India? Real Pay and the Biotech Mix-Up,P2,0,43,GENERIC FALLBACK ONLY,RED,0,10,7,1,6575,1
/blog/career-options/is-biotechnology-a-good-career/,career-options,Is Biotechnology a Good Career in India? The Honest Verdict on Pay and Placements,P2,0,137,GENERIC FALLBACK ONLY,RED,0,10,7,1,6299,1
/blog/career-options/is-business-analyst-a-good-career-in-india/,career-options,"Is Business Analyst a Good Career in India? MBA-or-Not, Domain Tracks, Real Pay",P2,0,75,GENERIC FALLBACK ONLY,RED,0,10,7,1,5967,1
/blog/career-options/is-chemical-engineering-a-good-career-in-india/,career-options,"Is Chemical Engineering a Good Career in India? Pay, PLI Boom, the Real Catch",P2,0,60,GENERIC FALLBACK ONLY,RED,0,10,7,1,5855,1
/blog/career-options/is-civil-engineering-a-good-career-in-india/,career-options,Is Civil Engineering a Good Career in India? Pay and Real Catch,P2,0,52,GENERIC FALLBACK ONLY,RED,0,10,7,1,5992,1
/blog/career-options/is-cs-a-good-career/,career-options,Is CS a Good Career in India? What the JEE Cutoff Doesn't Tell You,P2,0,61,GENERIC FALLBACK ONLY,RED,0,10,7,1,5863,1
/blog/career-options/is-cybersecurity-a-good-career-in-india/,career-options,"Is Cybersecurity a Good Career in India? Salaries, AI Risk, Verdict",P2,0,39,GENERIC FALLBACK ONLY,RED,0,10,7,1,6568,1
/blog/career-options/is-data-analyst-a-good-career-in-india/,career-options,"Is Data Analyst a Good Career in India? Pay, Entry Bar, and the Bootcamp Flood",P2,0,70,GENERIC FALLBACK ONLY,RED,0,10,7,1,5589,1
/blog/career-options/is-data-science-a-good-career-in-india/,career-options,Is Data Science a Good Career in India? The Honest 2026 Verdict,P2,0,40,GENERIC FALLBACK ONLY,RED,0,10,7,1,5927,1
/blog/career-options/is-dentistry-a-good-career-in-india/,career-options,"Is Dentistry a Good Career in India? NEET Cutoff, Oversupply, Real Pay",P2,0,73,AUTHORED + GENERIC EXTRAS,AMBER,6,10,1,0,6579,0
/blog/career-options/is-digital-marketing-a-good-career-in-india/,career-options,Is Digital Marketing a Good Career in India? The Honest Answer,P2,0,27,GENERIC FALLBACK ONLY,RED,0,10,7,1,5974,1
/blog/career-options/is-doctor-a-good-career-in-india/,career-options,"Is Doctor a Good Career in India? NEET Cutoff, MBBS Cost, Real Timeline",P2,0,32,AUTHORED + GENERIC EXTRAS,AMBER,6,10,2,0,7451,0
/blog/career-options/is-electrical-engineering-a-good-career-in-india/,career-options,"Is Electrical Engineering a Good Career in India? Pay, GATE Reality, the Real Catch",P2,0,126,GENERIC FALLBACK ONLY,RED,0,10,8,1,7059,1
/blog/career-options/is-engineering-still-a-good-career-in-india/,career-options,Is engineering still a good career in India? The honest verdict,P2,1,63,GENERIC FALLBACK ONLY,RED,0,10,7,1,5509,1
/blog/career-options/is-fashion-designing-a-good-career-in-india/,career-options,"Is Fashion Designing a Good Career in India? NIFT, Real Pay, and the AI Question",P2,1,121,GENERIC FALLBACK ONLY,RED,0,10,8,1,7369,1
/blog/career-options/is-food-technology-a-good-career-in-india/,career-options,"Is Food Technology a Good Career in India? Pay, FSSAI, Verdict",P2,0,87,AUTHORED + GENERIC EXTRAS,AMBER,6,10,1,0,6283,0
/blog/career-options/is-hr-a-good-career-in-india/,career-options,"Is HR a Good Career in India? Pay, AI Risk, Verdict",P2,0,38,GENERIC FALLBACK ONLY,RED,0,10,7,1,4805,1
/blog/career-options/is-interior-design-a-good-career-in-india/,career-options,"Is Interior Design a Good Career in India? Pay, No-Licence Reality, Freelance Math",P2,0,56,GENERIC FALLBACK ONLY,RED,0,10,8,1,7583,1
/blog/career-options/is-journalism-a-good-career-india/,career-options,Is journalism a good career in India? The honest read on pay and risk,P2,1,8,GENERIC FALLBACK ONLY,RED,0,10,6,1,4405,1
/blog/career-options/is-law-a-good-career-in-india/,career-options,Is Law a Good Career in India? Most LLB Grads Never See a Courtroom,P2,0,66,GENERIC FALLBACK ONLY,RED,0,10,8,1,7965,1
/blog/career-options/is-logistics-a-good-career/,career-options,"Is Logistics a Good Career in India? Real Pay, Growth, Verdict",P2,0,37,GENERIC FALLBACK ONLY,RED,0,10,6,1,3793,1
/blog/career-options/is-marine-engineering-a-good-career/,career-options,"Is Marine Engineering a Good Career? Pay, COC Exams, Verdict",P2,0,74,GENERIC FALLBACK ONLY,RED,0,10,7,1,5066,1
/blog/career-options/is-mechanical-engineering-a-good-career-in-india/,career-options,"Is Mechanical Engineering a Good Career in India? Pay, EV Boom, the Real Catch",P2,0,93,GENERIC FALLBACK ONLY,RED,0,10,7,1,5460,1
/blog/career-options/is-merchant-navy-a-good-career/,career-options,"Is Merchant Navy a Good Career? Real Pay, Life at Sea, Verdict",P2,0,54,GENERIC FALLBACK ONLY,RED,0,10,6,1,4272,1
/blog/career-options/is-microbiology-a-good-career/,career-options,"Is Microbiology a Good Career? Real Pay, the PhD Trap, Verdict",P2,0,38,GENERIC FALLBACK ONLY,RED,0,10,7,1,5137,1
/blog/career-options/is-nursing-a-good-career-in-india/,career-options,"Is Nursing a Good Career in India? Pay, Shifts, Verdict",P2,0,31,GENERIC FALLBACK ONLY,RED,0,10,7,1,6251,1
/blog/career-options/is-physiotherapy-a-good-career-in-india/,career-options,"Is Physiotherapy a Good Career in India? Pay, Burnout, Verdict",P2,0,61,GENERIC FALLBACK ONLY,RED,0,10,7,1,5588,1
/blog/career-options/is-psychology-a-good-career-in-india/,career-options,Is Psychology a Good Career in India? The Honest Verdict,P2,0,84,GENERIC FALLBACK ONLY,RED,0,10,7,1,6003,1
/blog/career-options/is-radiology-a-good-career/,career-options,"Is Radiology a Good Career? Real Pay, the AI Question, Verdict",P2,0,59,GENERIC FALLBACK ONLY,RED,0,10,7,1,4553,1
/blog/career-options/is-salesforce-a-good-career/,career-options,"Is Salesforce a Good Career? The Honest Verdict on Admin, Dev, and Consultant Tracks",P2,0,33,GENERIC FALLBACK ONLY,RED,0,10,7,1,4694,1
/blog/career-options/is-software-engineering-a-good-career-in-india/,career-options,Is software engineering a good career in India? The honest answer,P2,1,79,GENERIC FALLBACK ONLY,RED,0,10,7,1,4711,1
/blog/career-options/is-software-testing-a-good-career/,career-options,"Is Software Testing a Good Career? Real Pay, AI Risk, Verdict",P2,1,36,GENERIC FALLBACK ONLY,RED,0,10,7,1,6335,1
/blog/career-options/is-supply-chain-management-a-good-career/,career-options,"Is Supply Chain Management a Good Career in India? Real Pay, Verdict",P2,0,35,GENERIC FALLBACK ONLY,RED,0,10,6,1,4206,1
/blog/career-options/is-trading-a-good-career-in-india/,career-options,Is Trading a Good Career in India? What SEBI's Own Loss Data Shows,P2,1,74,GENERIC FALLBACK ONLY,RED,0,10,7,1,5929,1
/blog/career-options/is-veterinary-a-good-career/,career-options,"Is Veterinary a Good Career? NEET Seats, Real Pay, and the Honest Verdict",P2,1,130,GENERIC FALLBACK ONLY,RED,0,10,7,1,5588,1
/blog/career-options/life-sciences-and-biological-sciences-career-options/,career-options,Biological Sciences Career Options in India: The Real Life Sciences Careers Map,P2,1,42,GENERIC FALLBACK ONLY,RED,0,10,8,1,7343,1
/blog/career-options/mba-after-bcom-worth-it-in-india/,career-options,MBA after BCom worth it in India? The real ROI math by tier,P2,0,115,GENERIC FALLBACK ONLY,RED,0,10,7,1,6435,1
/blog/career-options/pcb-career-options-other-than-medical/,career-options,Career options for PCB students other than medical: the non-health path map,P2,1,142,AUTHORED + GENERIC EXTRAS,AMBER,6,10,3,0,5397,1
/blog/career-options/pcb-career-options-with-salary/,career-options,PCB career options with salary: what each path actually pays in India,P2,0,125,GENERIC FALLBACK ONLY,RED,0,10,7,1,5131,1
/blog/career-options/plant-and-agricultural-biotechnology-careers/,career-options,Plant Biotechnology Careers vs Agricultural Biotechnology Careers in India,P2,0,89,GENERIC FALLBACK ONLY,RED,0,10,7,1,6101,1
/blog/career-options/political-science-career-options/,career-options,Political Science Career Options in India — 9 Real Tracks Ranked by Growth,P2,0,37,GENERIC FALLBACK ONLY,RED,0,10,7,1,6395,1
/blog/career-options/polymer-science-careers/,career-options,"Polymer Science Careers in India: CIPET, the Real Industries, and What Each Pays",P2,1,62,GENERIC FALLBACK ONLY,RED,0,10,6,1,1738,1
/blog/career-options/project-manager-career-india-pmp-certification-worth-it/,career-options,Project manager career India: is a PMP certification worth it?,P2,0,30,GENERIC FALLBACK ONLY,RED,0,10,6,1,3754,1
/blog/career-options/safe-career-options-for-girls-in-india/,career-options,"Safe career options for girls in India: the 4 kinds of ""safe"" that actually matter",P2,0,71,GENERIC FALLBACK ONLY,RED,0,10,7,1,4568,1
/blog/career-options/sales-career-growth-path-india/,career-options,Sales career growth path India: how to grow in sales instead of getting stuck at target,P2,0,58,GENERIC FALLBACK ONLY,RED,0,10,7,1,4676,1
/blog/career-options/social-science-career-options/,career-options,"Social Science Career Options in India: Sociology, Economics, Social Work, and More",P2,0,44,GENERIC FALLBACK ONLY,RED,0,10,7,1,6251,1
/blog/career-options/supply-chain-management-career-india/,career-options,"Supply chain management career India: the real entry map, not the LinkedIn hype",P2,0,101,GENERIC FALLBACK ONLY,RED,0,10,7,1,5221,1
/blog/college-degrees/best-mba-specializations-india/,college-degrees,"Best MBA specializations in India: how to actually choose one, not just rank one",P2,0,26,AUTHORED,AMBER,6,0,1,0,4599,0
/blog/college-degrees/distance-mba-worth-it-india/,college-degrees,Distance MBA India worth it? The honest answer depends on who is asking,P2,1,68,GENERIC FALLBACK ONLY,RED,0,10,6,1,4059,1
/blog/college-degrees/education-loan-worth-it-india-private-college/,college-degrees,Education loan worth it India private college: the real math before you sign,P2,0,38,GENERIC FALLBACK ONLY,RED,0,10,6,1,4058,1
/blog/college-degrees/how-to-compare-colleges-for-career-outcome-india/,college-degrees,How to compare colleges for career outcome India: the 8-column scorecard,P2,0,68,GENERIC FALLBACK ONLY,RED,0,10,7,1,5245,1
/blog/college-degrees/is-executive-mba-worth-it-in-india/,college-degrees,Is an executive MBA worth it in India? Only for one specific profile,P2,1,50,GENERIC FALLBACK ONLY,RED,0,10,7,1,4505,1
/blog/college-degrees/is-iim-worth-the-cost-india/,college-degrees,Is IIM worth the cost in India? The real fee-to-placement math,P2,0,119,GENERIC FALLBACK ONLY,RED,0,10,7,1,5414,1
/blog/college-degrees/msc-vs-mba-india/,college-degrees,"MSc vs MBA India: the real fork for science graduates, not two versions of the same choice",P2,0,32,GENERIC FALLBACK ONLY,RED,0,10,6,1,3784,1
/blog/freelancing-business/consulting-as-a-career-india-how-to-get-into-consulting/,freelancing-business,Consulting as a Career in India: How to Get into Consulting,P2,0,39,GENERIC FALLBACK ONLY,RED,0,10,6,1,4031,1
/blog/freelancing-business/content-creator-income-india/,freelancing-business,Content Creator Income in India: How Creators Actually Make Money,P2,0,141,GENERIC FALLBACK ONLY,RED,0,10,6,1,3813,1
/blog/freelancing-business/creator-economy-india-career-opportunities/,freelancing-business,Creator Economy India Overview: The Career Opportunities Beyond Being a Creator,P2,0,31,GENERIC FALLBACK ONLY,RED,0,10,6,1,3256,1
/blog/freelancing-business/family-business-vs-job-vs-startup-india/,freelancing-business,Family business vs job vs startup in India: which should you actually choose,P2,1,59,GENERIC FALLBACK ONLY,RED,0,10,7,1,4687,1
/blog/freelancing-business/freelancing-vs-job-india-which-is-better/,freelancing-business,"Freelancing vs job India: which is better for you, not in general",P2,0,96,AUTHORED,AMBER,5,0,2,1,3395,0
/blog/freelancing-business/how-to-become-a-solopreneur-india/,freelancing-business,"How to Become a Solopreneur in India: Build a Business, Not a Second Job",P2,1,41,GENERIC FALLBACK ONLY,RED,0,10,6,1,4163,1
/blog/freelancing-business/starting-a-business-vs-job-india-which-is-better/,freelancing-business,Starting a business vs job in India: which is better for you,P2,1,67,GENERIC FALLBACK ONLY,RED,0,10,7,1,4743,1
/blog/government-jobs/defence-services-career-india/,government-jobs,"Defence services career India: entry routes, ranks, pay, and the trade-offs no recruiter mentions",P2,0,131,GENERIC FALLBACK ONLY,RED,0,10,7,1,4952,1
/blog/government-jobs/government-job-vs-startup-job-stability-india/,government-jobs,Government job vs startup job stability India: what the failure and layoff data actually says,P2,0,61,GENERIC FALLBACK ONLY,RED,0,10,6,1,4226,1
/blog/government-jobs/govt-vs-private-job-india/,government-jobs,"Government job vs private job India: the honest trade-off, not the salary chart",P2,0,126,AUTHORED,AMBER,6,0,0,0,3816,0
/blog/government-jobs/is-government-exam-coaching-worth-it-india/,government-jobs,Is government exam coaching worth it in India? An honest cost-vs-value breakdown,P2,0,73,AUTHORED + GENERIC EXTRAS,AMBER,7,10,0,0,3791,0
/blog/job-search/first-job-after-graduation-india/,job-search,First Job After Graduation in India: The Real Numbers Behind Where Offers Come From,P2,1,97,AUTHORED,AMBER,7,0,0,0,5311,0
/blog/job-search/how-to-get-a-job-without-experience-india/,job-search,How to Get a Job Without Experience in India: Breaking the Catch-22,P2,0,63,AUTHORED,AMBER,7,0,0,0,4914,0
/blog/job-search/skills-needed-for-first-job-india/,job-search,Skills Needed for First Job in India — The Foundational Skills Nobody Tests You On,P2,1,70,GENERIC FALLBACK ONLY,RED,0,10,6,1,4314,1
/blog/medical-careers/career-after-bsc-nursing-india-scope/,medical-careers,Career after BSc nursing India scope: 9 real paths from ward to abroad,P2,1,114,GENERIC FALLBACK ONLY,RED,0,10,6,1,3986,1
/blog/medical-careers/career-in-pharmacy-india-scope-future/,medical-careers,"Career in pharmacy India scope and future: 6 real paths, PCI rules, and honest pay data",P2,0,114,GENERIC FALLBACK ONLY,RED,0,10,6,1,3303,1
/blog/medical-careers/career-options-in-medical-field-other-than-doctor-india/,medical-careers,Career options in medical field other than doctor India: 12 real paths that pay,P2,1,86,AUTHORED,AMBER,5,0,2,0,4882,0
/blog/medical-careers/clinical-research-career-path-india/,medical-careers,"Clinical research career path India: the CRC-to-manager ladder, not just the CRA job",P2,1,75,GENERIC FALLBACK ONLY,RED,0,10,6,1,3992,1
/blog/medical-careers/physiotherapy-career-scope-salary-india/,medical-careers,"Physiotherapy career scope salary India: the real progression, not the brochure version",P2,0,118,GENERIC FALLBACK ONLY,RED,0,10,6,1,3462,1
/blog/parents/expensive-coaching-vs-skill-building-which-is-better-for-child/,parents,Expensive coaching vs skill building: which is better for your child?,P2,0,43,GENERIC FALLBACK ONLY,RED,0,10,6,1,3969,1
/blog/parents/how-to-guide-child-in-career-selection-india/,parents,"How to guide child in career selection India: a process, not a pitch",P2,1,33,GENERIC FALLBACK ONLY,RED,0,10,6,1,3570,1
/blog/skill-roadmaps/cloud-computing-career-skills-india/,skill-roadmaps,Cloud computing career skills India: the honest roadmap from zero to hired,P2,0,37,GENERIC FALLBACK ONLY,RED,0,10,6,1,4035,1
/blog/skills/best-skills-for-engineers-who-dont-want-to-code/,skills,Best skills for engineers who don't want to code: the real skill map,P2,0,43,GENERIC FALLBACK ONLY,RED,0,10,7,1,5147,1
/blog/skills/best-skills-for-high-salary-in-india/,skills,"Best skills for high salary in India: the ranked list, ranked by proof, not hype",P2,1,50,AUTHORED,AMBER,6,0,1,0,5167,0
/blog/skills/python-vs-java-which-to-learn-first-india/,skills,Python vs Java: which to learn first in India — the honest verdict by career path,P2,0,75,GENERIC FALLBACK ONLY,RED,0,10,6,1,4088,1
/blog/skills/which-programming-language-to-learn-first-india/,skills,Which programming language to learn first in India: choose by goal,P2,0,44,GENERIC FALLBACK ONLY,RED,0,10,6,1,3333,1
/blog/stream-selection/career-options-after-10th/,stream-selection,Career options after 10th: the real paths beyond science pressure,P2,0,29,NO IMAGES,RED,0,0,7,1,4520,1
/blog/study-abroad/canada-vs-germany-for-masters-india/,study-abroad,"Canada vs Germany for masters India: the real cost, visa, and job-market math",P2,0,131,AUTHORED,AMBER,5,0,1,0,3189,0
/blog/study-abroad/foreign-degree-vs-india-degree-value-job-market/,study-abroad,Foreign degree vs India degree value in job market: where the premium is real,P2,1,71,GENERIC FALLBACK ONLY,RED,0,10,6,1,2952,1
/blog/study-abroad/is-ms-in-usa-worth-it-india/,study-abroad,Is MS in USA worth it for Indian students? The real ROI math,P2,0,26,AUTHORED,AMBER,6,0,0,0,3203,0
/blog/study-abroad/opt-after-ms-in-usa-for-indian-students/,study-abroad,OPT after MS in USA for Indian students: the rules that decide your timeline,P2,2,61,GENERIC FALLBACK ONLY,RED,0,10,6,1,3876,1
/blog/study-abroad/return-to-india-after-ms-abroad/,study-abroad,"Return to India after MS abroad: the practical playbook for timing, jobs, and money",P2,2,94,GENERIC FALLBACK ONLY,RED,0,10,6,1,3572,1
/blog/study-abroad/stay-abroad-vs-return-to-india-after-studies/,study-abroad,Stay Abroad vs Return to India After Studies: A Real Decision Framework,P2,0,32,GENERIC FALLBACK ONLY,RED,0,10,6,1,3305,1
/blog/study-abroad/uk-vs-australia-for-masters-india/,study-abroad,"UK vs Australia for masters India: the real cost, visa, and job-market trade-off",P2,0,36,GENERIC FALLBACK ONLY,RED,0,10,6,1,3470,1
/blog/ai-future/ai-changing-digital-marketing-careers-india/,ai-future,How AI Is Changing Digital Marketing Careers in India,P3,0,9,GENERIC FALLBACK ONLY,RED,0,10,6,1,3145,1
/blog/ai-future/ai-tools-for-career-growth-india/,ai-future,AI tools for career growth India: what actually moves the needle,P3,0,22,GENERIC FALLBACK ONLY,RED,0,10,6,1,2892,1
/blog/ai-future/artificial-intelligence-career-paths/,ai-future,"Artificial intelligence career paths: the real map, not the hype",P3,0,0,CROPPED / BROKEN SET,RED,6,0,7,1,5756,0
/blog/ai-future/generative-ai-career-path-india/,ai-future,Generative AI Career Path India: The Roles This New Field Actually Created,P3,0,4,GENERIC FALLBACK ONLY,RED,0,10,6,1,4170,1
/blog/ai-future/how-to-use-ai-at-work-effectively-india/,ai-future,How to Use AI at Work Effectively in India: Leverage Without the Trap,P3,0,3,GENERIC FALLBACK ONLY,RED,0,10,6,1,2788,1
/blog/ai-future/skills-to-work-with-ai-instead-of-being-replaced/,ai-future,Skills to work with AI instead of being replaced by it: the 4 layers that actually matter,P3,0,18,GENERIC FALLBACK ONLY,RED,0,10,6,1,3134,1
/blog/ai-future/software-developer-career-future-with-ai-india/,ai-future,Software developer career future with AI in India: what actually changes at your desk,P3,0,9,GENERIC FALLBACK ONLY,RED,0,10,6,1,3622,1
/blog/ai-future/top-careers-for-the-future/,ai-future,Top careers for the future: what is actually rising and why,P3,0,0,GENERIC FALLBACK ONLY,RED,0,10,6,1,4463,1
/blog/ai-future/what-to-do-if-your-job-is-replaced-by-ai-india/,ai-future,What to Do If Your Job Is Replaced by AI in India: The Real Recovery Plan,P3,0,13,GENERIC FALLBACK ONLY,RED,0,10,6,1,3372,1
/blog/career-change/career-change-at-30-india/,career-change,"Career change at 30 India: the real math on EMI, family timing, and the 3 real paths",P3,0,13,AUTHORED,AMBER,6,0,0,0,4204,0
/blog/career-change/career-plateau-how-to-break-through-india/,career-change,Career plateau: how to break through in India — the 3-Layer Plateau Check,P3,0,2,GENERIC FALLBACK ONLY,RED,0,10,6,1,3806,1
/blog/career-change/career-switch-tips-for-it-professionals-india/,career-change,"Career switch tips for IT professionals India: check the bond, the counter-offer, and the interview gap first",P3,0,15,GENERIC FALLBACK ONLY,RED,0,10,6,1,3999,1
/blog/career-change/mid-career-strategies-india/,career-change,Mid-career strategies in India: the 5 decisions that shape your next decade,P3,0,6,GENERIC FALLBACK ONLY,RED,0,10,6,1,3629,1
/blog/career-change/rebuild-career-after-layoff-india/,career-change,"Rebuild career after layoff India: the real restart plan, not the pep talk",P3,0,5,GENERIC FALLBACK ONLY,RED,0,10,6,1,4306,1
/blog/career-change/second-career-at-40-india/,career-change,Second career at 40 India: the real playbook for building something new without starting from zero,P3,0,9,GENERIC FALLBACK ONLY,RED,0,10,6,1,4369,1
/blog/career-change/skills-needed-for-career-change-india/,career-change,Skills needed for career change India: the 3-Gap Audit before you commit,P3,0,2,GENERIC FALLBACK ONLY,RED,0,10,6,1,3313,1
/blog/career-change/switch-to-remote-work-career-india/,career-change,"How to switch to a remote-work career in India: the skills, scams, and paperwork nobody explains",P3,0,19,GENERIC FALLBACK ONLY,RED,0,10,6,1,3614,1
/blog/career-change/upskilling-for-career-change-india/,career-change,"Upskilling for career change in India: the execution plan, not the skill list",P3,0,10,GENERIC FALLBACK ONLY,RED,0,10,6,1,3667,1
/blog/career-guidance/career-counseling-advice/,career-guidance,Career Counseling Advice: The 6-Point Filter Before You Trust It,P3,0,2,AUTHORED + GENERIC EXTRAS,AMBER,6,11,3,0,2487,1
/blog/career-guidance/cbse-career-counselling/,career-guidance,"CBSE Career Counselling: What Schools Actually Cover, and Its Real Limits",P3,0,20,GENERIC FALLBACK ONLY,RED,0,10,6,1,2381,1
/blog/career-guidance/first-job-vs-higher-studies-india/,career-guidance,First job vs higher studies India: the real cost and timing math,P3,0,15,AUTHORED + GENERIC EXTRAS,AMBER,6,11,3,0,3804,1
/blog/career-guidance/how-to-choose-a-career-after-12th/,career-guidance,How to choose a career after 12th: real plan,P3,0,7,AUTHORED,AMBER,6,0,3,0,3902,0
/blog/career-guidance/how-to-find-the-right-career-for-me-india/,career-guidance,How to Find the Right Career for Me: The 4 Fit Signals That Beat a Quiz,P3,0,17,AUTHORED,AMBER,11,0,2,0,5985,0
/blog/career-guidance/how-to-get-promoted-faster-india/,career-guidance,How to get promoted faster in India: what actually moves the decision,P3,0,5,GENERIC FALLBACK ONLY,RED,0,10,6,1,3457,1
/blog/career-guidance/how-to-plan-your-career-path-after-graduation-india/,career-guidance,How to Plan Your Career Path After Graduation in India: Direction Over a Fixed Plan,P3,0,18,AUTHORED + GENERIC EXTRAS,AMBER,6,11,3,0,4032,1
/blog/career-guidance/purpose-of-career-counseling/,career-guidance,The Purpose of Career Counseling: What It Actually Exists to Solve,P3,0,6,AUTHORED + GENERIC EXTRAS,AMBER,6,11,2,0,2867,1
/blog/career-guidance/what-career-should-i-choose/,career-guidance,What Career Should I Choose? The 5-Step Decision Ladder That Actually Ends the Indecision,P3,0,3,AUTHORED,AMBER,6,0,0,0,3618,0
/blog/career-guidance/what-to-do-after-12th-confused/,career-guidance,What to do after 12th if you are confused: break the freeze at your own pace,P3,0,3,AUTHORED + GENERIC EXTRAS,AMBER,6,11,2,0,3576,1
/blog/career-guidance/why-career-counseling-is-important/,career-guidance,Why Career Counseling Is Important — What Skipping It Actually Costs You,P3,0,6,AUTHORED + GENERIC EXTRAS,AMBER,6,11,3,0,2772,1
/blog/career-options/ba-career-options/,career-options,BA career options in India: 3 lanes and what each costs in years,P3,0,0,GENERIC FALLBACK ONLY,RED,0,10,6,1,4465,1
/blog/career-options/bca-career-options/,career-options,"BCA career options: real paths after the degree, not just coding hype",P3,0,0,GENERIC FALLBACK ONLY,RED,0,10,7,1,5085,1
/blog/career-options/best-career-if-you-like-numbers-india/,career-options,Best career if you like numbers in India: the 4 number instincts test,P3,0,22,GENERIC FALLBACK ONLY,RED,0,10,8,1,7231,1
/blog/career-options/best-career-options-after-12th-with-high-salary/,career-options,Best career options after 12th with high salary: the real pay ledger,P3,0,0,GENERIC FALLBACK ONLY,RED,0,10,7,1,6295,1
/blog/career-options/bio-student-career-options-after-12th-without-neet/,career-options,Bio student career options after 12th without NEET: AP and Telangana rules,P3,0,0,GENERIC FALLBACK ONLY,RED,0,10,7,1,6581,1
/blog/career-options/biology-career-options-after-12th/,career-options,"Biology career options after 12th: seats, exam locks and real pay",P3,0,0,GENERIC FALLBACK ONLY,RED,0,10,7,1,6881,1
/blog/career-options/biotechnology-career-options/,career-options,Biotechnology career options in India: the real sector map,P3,0,21,GENERIC FALLBACK ONLY,RED,0,10,7,1,4787,1
/blog/career-options/bsc-career-options/,career-options,BSc Career Options: What Your Subject Actually Opens Up,P3,0,0,GENERIC FALLBACK ONLY,RED,0,10,7,1,6220,1
/blog/career-options/career-after-phd-life-sciences/,career-options,"Career After PhD in Life Sciences: Academia, Industry R&D, and the Real Path Map",P3,0,0,GENERIC FALLBACK ONLY,RED,0,10,7,1,5880,1
/blog/career-options/career-after-phd-political-science/,career-options,"Career After PhD in Political Science: Academia, Research, and Policy Paths in India",P3,0,0,GENERIC FALLBACK ONLY,RED,0,10,7,1,5638,1
/blog/career-options/career-chart-after-12th/,career-options,"Career Chart After 12th: Every Route, Its Cost and Its Real Odds",P3,0,0,GENERIC FALLBACK ONLY,RED,0,10,7,1,5471,1
/blog/career-options/career-in-navy-after-12th-science/,career-options,"Career in Navy After 12th Science: NDA, 10+2 Cadet Entry, and the Real Path Map",P3,0,0,GENERIC FALLBACK ONLY,RED,0,10,7,1,5604,1
/blog/career-options/career-in-space-science-india/,career-options,"Career in Space Science in India: ISRO, IIST, and the Real Path Map",P3,0,20,GENERIC FALLBACK ONLY,RED,0,10,7,1,5238,1
/blog/career-options/career-options-after-12th-commerce-without-maths/,career-options,Career options after 12th commerce without maths: tests and deadlines,P3,0,0,GENERIC FALLBACK ONLY,RED,0,10,7,1,5957,1
/blog/career-options/career-options-after-12th-except-engineering/,career-options,"Career options after 12th except engineering: 14 doors, dates, seats",P3,0,0,AUTHORED + GENERIC EXTRAS,AMBER,6,11,4,0,4860,1
/blog/career-options/career-options-after-12th-except-medical/,career-options,Career options after 12th except medical: what stays open after NEET,P3,0,0,AUTHORED + GENERIC EXTRAS,AMBER,6,11,4,0,6595,1
/blog/career-options/career-options-after-12th-humanities/,career-options,Career options after 12th humanities: the first-year decision map,P3,0,0,GENERIC FALLBACK ONLY,RED,0,10,7,1,6635,1
/blog/career-options/career-options-after-12th-pcb/,career-options,Career options after 12th PCB: real paths beyond NEET and MBBS,P3,0,4,AUTHORED + GENERIC EXTRAS,AMBER,6,10,3,0,5197,1
/blog/career-options/career-options-after-12th-pcm-other-than-engineering/,career-options,Career options after 12th PCM other than engineering: the JEE score ledger,P3,0,0,AUTHORED + GENERIC EXTRAS,AMBER,6,10,4,0,6389,1
/blog/career-options/career-options-after-12th-pcm/,career-options,Career options after 12th PCM: what each JEE rank band really buys,P3,0,0,AUTHORED + GENERIC EXTRAS,AMBER,6,10,4,0,5623,1
/blog/career-options/career-options-after-12th-science-except-engineering-and-medical/,career-options,Career options after 12th science except engineering and medical: the real list,P3,0,0,AUTHORED + GENERIC EXTRAS,AMBER,6,10,3,0,4793,1
/blog/career-options/career-options-after-12th-science-without-biology/,career-options,Career options after 12th science without biology: the rule check,P3,0,0,AUTHORED + GENERIC EXTRAS,AMBER,6,10,5,0,7176,1
/blog/career-options/career-options-after-12th-science/,career-options,Career options after 12th science: real paths beyond JEE and NEET,P3,0,10,AUTHORED,AMBER,6,0,1,0,5643,0
/blog/career-options/career-options-after-12th-without-neet/,career-options,Career options after 12th without NEET: a score-band map,P3,0,0,GENERIC FALLBACK ONLY,RED,0,10,7,1,6315,1
/blog/career-options/career-options-after-12th/,career-options,"Career Options After 12th: Choose Your Lane, Not Just a Stream",P3,0,0,AUTHORED + GENERIC EXTRAS,AMBER,6,10,5,0,7259,1
/blog/career-options/career-options-for-multitaskers-india/,career-options,"Career options for multitaskers in India: the science says you're a juggler, not a multitasker",P3,0,0,GENERIC FALLBACK ONLY,RED,0,10,7,1,6574,1
/blog/career-options/career-options-in-arts/,career-options,Career options in arts: real paths beyond the weak-stream myth,P3,0,9,GENERIC FALLBACK ONLY,RED,0,10,7,1,4840,1
/blog/career-options/career-options-in-commerce-without-maths/,career-options,"Career options in commerce without maths: what closes, what stays open",P3,0,0,GENERIC FALLBACK ONLY,RED,0,10,7,1,4945,1
/blog/career-options/career-options-in-commerce/,career-options,Career options in commerce: 18 real paths and how to choose one,P3,0,0,GENERIC FALLBACK ONLY,RED,0,10,7,1,4784,1
/blog/career-options/careers-for-people-who-want-to-help-others-india/,career-options,Career for people who want to help others in India - the 4 Care Signals before you pick a track,P3,0,13,GENERIC FALLBACK ONLY,RED,0,10,8,1,8001,1
/blog/career-options/cybersecurity-roadmap-india/,career-options,Cybersecurity roadmap India: how to become a cybersecurity professional without wasting a year on the wrong cert,P3,0,4,NO IMAGES,RED,0,0,6,1,4135,1
/blog/career-options/dairy-science-career-options/,career-options,"Dairy Science Career Options in India: Pay, Employers, Real Path Map",P3,0,0,GENERIC FALLBACK ONLY,RED,0,10,7,1,6071,1
/blog/career-options/devops-roadmap-india/,career-options,"DevOps roadmap India: how to become a DevOps engineer starting from Linux, not Kubernetes",P3,0,3,GENERIC FALLBACK ONLY,RED,0,10,6,1,4470,1
/blog/career-options/engineering-career-options/,career-options,Engineering career options: seven lanes and how to pick yours,P3,0,0,GENERIC FALLBACK ONLY,RED,0,10,7,1,6487,1
/blog/career-options/exercise-science-career-options/,career-options,"Exercise Science Career Options in India: Sports Science, Coaching, and the Real Path Map",P3,0,14,GENERIC FALLBACK ONLY,RED,0,10,7,1,4714,1
/blog/career-options/good-careers/,career-options,Good Careers: The 5-Axis Test for What Actually Makes One Good,P3,0,8,GENERIC FALLBACK ONLY,RED,0,10,7,1,5457,1
/blog/career-options/how-to-become-a-data-scientist-india/,career-options,How to Become a Data Scientist in India: The Statistics-First Roadmap,P3,0,14,AUTHORED,AMBER,7,0,0,0,4082,0
/blog/career-options/how-to-become-a-product-manager-without-tech-background-india/,career-options,How to become a product manager without a tech background in India,P3,0,22,GENERIC FALLBACK ONLY,RED,0,10,7,1,4626,1
/blog/career-options/how-to-become-an-animator-india/,career-options,"Animation Career India: How to Become an Animator, Track by Track",P3,0,15,GENERIC FALLBACK ONLY,RED,0,10,6,1,4191,1
/blog/career-options/how-to-get-into-event-management-india/,career-options,"Event Management Career India: How to Get Into Event Management, Segment by Segment",P3,0,2,GENERIC FALLBACK ONLY,RED,0,10,6,1,3380,1
/blog/career-options/information-science-career-opportunities/,career-options,Information Science Career Opportunities: The Two Different Degrees Hiding Behind One Name,P3,0,9,GENERIC FALLBACK ONLY,RED,0,10,6,1,1708,1
/blog/career-options/is-biomedical-science-a-good-career/,career-options,Is Biomedical Science a Good Career in India? The Honest Verdict,P3,0,0,GENERIC FALLBACK ONLY,RED,0,10,6,1,3906,1
/blog/career-options/is-data-analytics-a-good-career-in-india/,career-options,Is Data Analytics a Good Career in India? Beyond the Analyst Title,P3,0,16,GENERIC FALLBACK ONLY,RED,0,10,7,1,5859,1
/blog/career-options/is-devops-a-good-career/,career-options,"Is DevOps a Good Career? Real Pay, On-Call Reality, Verdict",P3,0,18,GENERIC FALLBACK ONLY,RED,0,10,7,1,6144,1
/blog/career-options/is-event-management-a-good-career-in-india/,career-options,"Is Event Management a Good Career in India? Pay, Burnout, Verdict",P3,0,18,AUTHORED + GENERIC EXTRAS,AMBER,6,10,1,0,5397,0
/blog/career-options/is-graphic-design-a-good-career-in-india/,career-options,Is Graphic Design a Good Career in India? Real Pay and the AI Question,P3,0,2,GENERIC FALLBACK ONLY,RED,0,10,8,1,7593,1
/blog/career-options/is-hotel-management-a-good-career-in-india/,career-options,"Is Hotel Management a Good Career in India? Pay, Hours, Verdict",P3,0,14,GENERIC FALLBACK ONLY,RED,0,10,7,1,5449,1
/blog/career-options/is-investment-banking-a-good-career/,career-options,"Is Investment Banking a Good Career? Real Pay, Hours, AI Risk, Verdict",P3,0,8,GENERIC FALLBACK ONLY,RED,0,10,7,1,5324,1
/blog/career-options/is-marketing-a-good-career/,career-options,"Is Marketing a Good Career? Brand, Product, and Research Routes",P3,0,14,GENERIC FALLBACK ONLY,RED,0,10,7,1,5720,1
/blog/career-options/is-medical-coding-a-good-career-in-india/,career-options,"Is Medical Coding a Good Career in India? Night Shifts, AI Risk, Verdict",P3,0,8,GENERIC FALLBACK ONLY,RED,0,10,7,1,5828,1
/blog/career-options/is-optometry-a-good-career/,career-options,"Is Optometry a Good Career? Pay, Licensing Reality, and the Verdict",P3,0,14,GENERIC FALLBACK ONLY,RED,0,10,7,1,5451,1
/blog/career-options/is-pharmacy-a-good-career-in-india/,career-options,"Is Pharmacy a Good Career in India? Pay, Oversupply, Verdict",P3,0,16,GENERIC FALLBACK ONLY,RED,0,10,7,1,5835,1
/blog/career-options/is-product-management-a-good-career/,career-options,"Is Product Management a Good Career? Real Pay, Entry Routes, Verdict",P3,0,15,GENERIC FALLBACK ONLY,RED,0,10,6,1,4204,1
/blog/career-options/is-service-company-job-worth-it-for-freshers/,career-options,Is a service company job worth it for freshers? The honest answer,P3,0,15,GENERIC FALLBACK ONLY,RED,0,10,7,1,4802,1
/blog/career-options/is-ui-ux-design-a-good-career-in-india/,career-options,"Is UI/UX Design a Good Career in India? The Pay, Saturation, and AI Verdict",P3,0,22,GENERIC FALLBACK ONLY,RED,0,10,8,1,7092,1
/blog/career-options/is-video-editing-a-good-career/,career-options,"Is Video Editing a Good Career? Real Pay, AI Risk, Verdict",P3,0,0,GENERIC FALLBACK ONLY,RED,0,10,7,1,5187,1
/blog/career-options/is-web-development-a-good-career/,career-options,"Is Web Development a Good Career in 2026? Pay, AI Risk, Verdict",P3,0,8,GENERIC FALLBACK ONLY,RED,0,10,6,1,4224,1
/blog/career-options/journalism-vs-content-writing-career-india/,career-options,Journalism vs content writing career India: the honest comparison,P3,0,14,GENERIC FALLBACK ONLY,RED,0,10,7,1,5090,1
/blog/career-options/library-and-information-science-career-options/,career-options,Library and Information Science Career Options in India: The Real Path Map,P3,0,0,GENERIC FALLBACK ONLY,RED,0,10,6,1,2953,1
/blog/career-options/math-and-science-careers/,career-options,"Math and Science Careers in India: A Map, Not Just a PCM Repeat",P3,0,0,GENERIC FALLBACK ONLY,RED,0,10,6,1,1995,1
/blog/career-options/mba-career-options/,career-options,MBA career options in India: the doors your first job actually opens,P3,0,0,GENERIC FALLBACK ONLY,RED,0,10,7,1,5106,1
/blog/career-options/medical-laboratory-science-career-options/,career-options,Medical Laboratory Science Career Options in India: The Real Path Map,P3,0,0,GENERIC FALLBACK ONLY,RED,0,10,6,1,4081,1
/blog/career-options/mht-cet-pcb-career-options/,career-options,MHT-CET PCB career options: the courses CET actually admits you to,P3,0,0,GENERIC FALLBACK ONLY,RED,0,10,6,1,3880,1
/blog/career-options/mortuary-science-careers-india/,career-options,Mortuary Science Careers in India: The Honest Reality,P3,0,0,GENERIC FALLBACK ONLY,RED,0,10,6,1,4085,1
/blog/career-options/pcb-career-options-without-neet/,career-options,PCB career options without NEET: real paths beyond MBBS pressure,P3,0,2,GENERIC FALLBACK ONLY,RED,0,10,6,1,4488,1
/blog/career-options/pcb-career-options/,career-options,PCB career options: the honest lane-by-lane map after Class 12,P3,0,0,GENERIC FALLBACK ONLY,RED,0,10,7,1,6285,1
/blog/career-options/pcm-career-options/,career-options,"PCM career options: real paths after 12th, not just engineering",P3,0,0,GENERIC FALLBACK ONLY,RED,0,10,7,1,4624,1
/blog/career-options/pcm-with-computer-science-career-options/,career-options,Career options in PCM with Computer Science: what the fourth subject actually unlocks,P3,0,0,GENERIC FALLBACK ONLY,RED,0,10,7,1,6256,1
/blog/career-options/pcmb-career-options/,career-options,PCMB career options: what taking all four subjects after 12th actually buys you,P3,0,0,GENERIC FALLBACK ONLY,RED,0,10,7,1,4834,1
/blog/career-options/research-scientist-career-options/,career-options,Research Scientist Career Options in India: The Real Path Map Across Sectors,P3,0,0,GENERIC FALLBACK ONLY,RED,0,10,7,1,5062,1
/blog/career-options/science-careers-that-involve-travel/,career-options,Science Careers That Involve Travel: Real Fieldwork Paths in India,P3,0,5,GENERIC FALLBACK ONLY,RED,0,10,7,1,4854,1
/blog/career-options/science-museum-and-science-centre-careers-india/,career-options,"Science Museum and Science Centre Careers in India: NCSM, Curators, and Science Communication",P3,0,0,GENERIC FALLBACK ONLY,RED,0,10,6,1,3056,1
/blog/career-options/ux-writing-career-path-india/,career-options,"UX writing career path India: the real route, not the generic pivot advice",P3,0,11,GENERIC FALLBACK ONLY,RED,0,10,6,1,4356,1
/blog/career-options/video-editing-career-india-how-to-become-a-video-editor/,career-options,"Video Editing Career India: How to Become a Video Editor, Role by Role",P3,0,13,GENERIC FALLBACK ONLY,RED,0,10,7,1,4503,1
/blog/college-degrees/bba-vs-bcom-india-which-to-choose-after-12th/,college-degrees,"BBA vs BCom India: Which to Choose After 12th, Decided by Career Direction",P3,0,11,GENERIC FALLBACK ONLY,RED,0,10,6,1,4050,1
/blog/college-degrees/best-computer-and-data-science-courses-for-commerce-students/,college-degrees,Best computer and data science courses for commerce students,P3,0,0,GENERIC FALLBACK ONLY,RED,0,10,6,1,3739,1
/blog/college-degrees/best-courses-for-bba-students/,college-degrees,"Best courses for BBA students: what to add now, what to skip",P3,0,0,GENERIC FALLBACK ONLY,RED,0,10,7,1,5551,1
/blog/college-degrees/best-courses-for-computer-science-cse-students/,college-degrees,Best Courses for Computer Science and CSE Students: Degree Path vs Skill Stack,P3,0,0,GENERIC FALLBACK ONLY,RED,0,10,7,1,4562,1
/blog/college-degrees/certificate-courses-for-bcom-students/,college-degrees,Certificate Courses for BCom Students: Which Ones Employers Can Verify,P3,0,0,GENERIC FALLBACK ONLY,RED,0,10,7,1,5382,1
/blog/college-degrees/certificate-courses-for-law-students/,college-degrees,Certificate Courses for Law Students: Which Ones Actually Pay Off,P3,0,0,GENERIC FALLBACK ONLY,RED,0,10,6,1,3666,1
/blog/college-degrees/courses-for-arts-and-humanities-students-after-12th/,college-degrees,"12 courses for arts students after 12th, ranked by real fit and pay",P3,0,0,GENERIC FALLBACK ONLY,RED,0,10,6,1,3683,1
/blog/college-degrees/courses-for-commerce-students-after-12th/,college-degrees,Courses for Commerce Students After 12th: The Full Decision Map,P3,0,0,GENERIC FALLBACK ONLY,RED,0,10,6,1,4364,1
/blog/college-degrees/courses-for-pcb-bipc-biology-students-after-12th-without-neet/,college-degrees,Courses for PCB and BiPC Students After 12th Without NEET,P3,0,0,GENERIC FALLBACK ONLY,RED,0,10,7,1,4685,1
/blog/college-degrees/courses-for-pcm-mpc-science-students-after-12th/,college-degrees,"Degree Courses List for PCM/MPC/Science Students After 12th, Mapped by Exam",P3,0,0,GENERIC FALLBACK ONLY,RED,0,10,7,1,4597,1
/blog/college-degrees/cuet-eamcet-courses-for-pcb-bipc-biology-students/,college-degrees,CUET and EAMCET courses for PCB/BiPC students: the real admission map,P3,0,0,GENERIC FALLBACK ONLY,RED,0,10,7,1,4679,1
/blog/college-degrees/job-oriented-courses-for-ece-students/,college-degrees,Job-Oriented Courses for ECE Students: Choose the Track First,P3,0,0,GENERIC FALLBACK ONLY,RED,0,10,7,1,5312,1
/blog/college-degrees/mba-vs-professional-certification-india/,college-degrees,"MBA vs professional certification India: what actually pays off, tier by tier",P3,0,21,GENERIC FALLBACK ONLY,RED,0,10,6,1,3475,1
/blog/college-degrees/online-courses-for-mba-students/,college-degrees,Online courses for MBA students: what actually pays off alongside your degree,P3,0,0,GENERIC FALLBACK ONLY,RED,0,10,7,1,4928,1
/blog/freelancing-business/digital-marketing-freelancing-india-how-to-start/,freelancing-business,Digital Marketing Freelancing India: How to Start Without an Agency Job First,P3,0,8,GENERIC FALLBACK ONLY,RED,0,10,6,1,4176,1
/blog/freelancing-business/gig-economy-india-explained-career-implications/,freelancing-business,Gig Economy in India Explained: What It Means for Your Career,P3,0,13,GENERIC FALLBACK ONLY,RED,0,10,6,1,3118,1
/blog/freelancing-business/how-to-monetize-your-skills-online-india/,freelancing-business,How to Monetize Your Skills Online in India: The Decision Map Most Guides Skip,P3,0,6,GENERIC FALLBACK ONLY,RED,0,10,6,1,3547,1
/blog/freelancing-business/how-to-start-freelancing/,freelancing-business,How to Start Freelancing in India: The Playbook Before You Quit Your Job,P3,0,6,CROPPED / BROKEN SET,RED,4,0,6,1,3586,0
/blog/interviews/interview-preparation-for-freshers-india/,interviews,Interview preparation for freshers in India: what to do when you have no work history,P3,0,4,AUTHORED,AMBER,6,0,0,0,3587,0
/blog/job-search/best-companies-for-freshers-to-work-at-india/,job-search,"Best Companies for Freshers to Work at in India: A Filter, Not a List",P3,0,22,GENERIC FALLBACK ONLY,RED,0,10,6,1,4299,1
/blog/job-search/how-to-stand-out-as-a-fresher-india/,job-search,How to Stand Out as a Fresher in India — Proof Before Polish,P3,0,5,GENERIC FALLBACK ONLY,RED,0,10,6,1,4199,1
/blog/job-search/salary-negotiation-for-freshers-india/,job-search,Salary Negotiation for Freshers India: How Much Room You Actually Have,P3,0,15,GENERIC FALLBACK ONLY,RED,0,10,6,1,4366,1
/blog/linkedin-networking/linkedin-profile-tips-for-freshers-india/,linkedin-networking,"LinkedIn profile tips for freshers in India: build a profile that gets found, not just finished",P3,0,11,AUTHORED,AMBER,7,0,0,0,3436,0
/blog/medical-careers/health-information-management-career-india/,medical-careers,"Health information management career India: the EHR-to-analytics map, not just coding",P3,0,23,GENERIC FALLBACK ONLY,RED,0,10,7,1,4761,1
/blog/parents/how-to-support-child-during-career-confusion/,parents,How to support child during career confusion: the support ladder,P3,0,15,GENERIC FALLBACK ONLY,RED,0,10,6,1,4008,1
/blog/parents/signs-of-career-confusion-in-teenager-india/,parents,Signs of career confusion in teenager India: the 4-signal recognition check,P3,0,13,GENERIC FALLBACK ONLY,RED,0,10,6,1,4142,1
/blog/portfolio-proof-of-work/portfolio-building-for-freshers-india/,portfolio-proof-of-work,Portfolio building for freshers India: what actually belongs in it,P3,0,1,GENERIC FALLBACK ONLY,RED,0,10,6,1,3061,1
/blog/resume/good-career-objective-for-resume/,resume,Good Career Objective for Resume: Real Examples That Actually Get Read,P3,0,19,AUTHORED,AMBER,6,0,0,0,2057,0
/blog/resume/resume-tips-for-freshers-india/,resume,Resume tips for freshers India: build one with zero work experience,P3,0,6,AUTHORED,AMBER,7,0,0,0,3414,0
/blog/skill-roadmaps/full-stack-developer-roadmap-india/,skill-roadmaps,Full-stack developer roadmap India: the build order that actually gets you hired,P3,0,7,AUTHORED,AMBER,6,0,0,0,3907,0
/blog/skill-roadmaps/machine-learning-roadmap-india/,skill-roadmaps,"Machine learning roadmap India: the math, tools, and portfolio order that actually gets you hired",P3,0,24,GENERIC FALLBACK ONLY,RED,0,10,6,1,3982,1
/blog/skill-roadmaps/product-manager-skills-roadmap-india/,skill-roadmaps,Product manager skills roadmap India: what actually gets you hired,P3,0,9,GENERIC FALLBACK ONLY,RED,0,10,6,1,4048,1
/blog/skill-roadmaps/ux-design-career-path-india/,skill-roadmaps,"UX design career path India: the real map, not the visual-polish myth",P3,0,5,GENERIC FALLBACK ONLY,RED,0,10,6,1,3882,1
/blog/skills/best-courses-for-working-professionals-india/,skills,Best courses for working professionals India: the ROI checklist before you enroll,P3,0,22,GENERIC FALLBACK ONLY,RED,0,10,7,1,5239,1
/blog/skills/business-analyst-vs-data-analyst-career-india/,skills,Business analyst vs data analyst career India: the honest fit-first comparison,P3,0,17,GENERIC FALLBACK ONLY,RED,0,10,7,1,5232,1
/blog/skills/career-development-skills/,skills,Career development skills: pick the one your career is stuck on,P3,0,0,GENERIC FALLBACK ONLY,RED,0,10,7,1,6689,1
/blog/skills/content-marketing-vs-seo-career-india/,skills,Content marketing vs SEO career India: two jobs hiding under one job title,P3,0,7,GENERIC FALLBACK ONLY,RED,0,10,7,1,5873,1
/blog/skills/graphic-design-vs-ui-ux-design-career-india/,skills,Graphic design vs UI/UX design career India: the honest fit-first comparison,P3,0,13,GENERIC FALLBACK ONLY,RED,0,10,7,1,5501,1
/blog/skills/how-long-does-it-take-to-learn-digital-marketing-india/,skills,"How long does it take to learn digital marketing in India: the honest, channel-by-channel timeline",P3,0,23,GENERIC FALLBACK ONLY,RED,0,10,6,1,4361,1
/blog/study-abroad/education-loan-for-study-abroad-india/,study-abroad,"Education loan for study abroad India: secured vs unsecured, and who actually lends",P3,0,19,GENERIC FALLBACK ONLY,RED,0,10,6,1,3300,1
/blog/study-abroad/gre-vs-gmat-which-to-take-india/,study-abroad,"GRE vs GMAT which to take India: match the exam to the program, not the other way round",P3,0,20,GENERIC FALLBACK ONLY,RED,0,10,6,1,3638,1
/blog/study-abroad/mba-abroad-vs-mba-in-india/,study-abroad,MBA Abroad vs MBA in India: The Real Cost and Visa Math,P3,0,13,GENERIC FALLBACK ONLY,RED,0,10,6,1,3859,1
/blog/study-abroad/nri-return-to-india-career-challenges/,study-abroad,NRI Return to India Career Challenges: The Real Adjustment After Years Abroad,P3,0,19,GENERIC FALLBACK ONLY,RED,0,10,6,1,3269,1
/blog/study-abroad/postgraduate-diploma-courses-in-canada-for-international-students/,study-abroad,Postgraduate Diploma Courses in Canada for International Students,P3,0,0,GENERIC FALLBACK ONLY,RED,0,10,6,1,4110,1
/blog/study-abroad/scholarships-for-study-abroad-india/,study-abroad,"Scholarships for study abroad India: what is realistic, and how to actually compete",P3,0,12,AUTHORED,AMBER,5,0,1,0,3775,0
/blog/study-abroad/study-abroad-benefits-india/,study-abroad,"Study Abroad Benefits India — What You Actually Gain, and What You Don't",P3,0,8,GENERIC FALLBACK ONLY,RED,0,10,6,1,3169,1
