route,type,priority,clicks,impressions,generic_images,severity,images,new_visuals
/,home,P1,44,339,0,RED,14,0
/career-resources/linkedin-profile-optimization-the-full-guide/,resource,P1,0,265,0,RED,0,0
/career-skills-compass/,compass,P1,0,228,0,RED,0,0
/services/assessments/,assessment-hub,P1,0,211,0,AMBER,4,0
/services/assessments/career-aptitude-test-after-10th/,assessment,P1,108,1203,3,RED,7,0
/services/assessments/career-aptitude-test-after-12th/,assessment,P1,59,596,3,RED,7,0
/services/assessments/career-inclination-test/,assessment,P1,19,367,3,RED,7,0
/services/assessments/class-10-and-below/,assessment,P1,18,233,3,RED,7,0
/services/assessments/class-11-to-12/,assessment,P1,17,236,3,RED,7,0
/services/assessments/stream-selection-test/,assessment,P1,33,584,3,RED,7,0
/services/assessments/stream-selector-test-after-10th/,assessment,P1,222,1059,3,RED,7,0
/services/assessments/stream-selector-test-after-12th/,assessment,P1,28,278,3,RED,7,0
/services/career-counselling-and-career-guidance/career-counselling-for-pcb-students/,bofu,P1,3,45,3,RED,5,0
/services/career-counselling-and-career-guidance/career-counselling-for-students-with-backlogs/,bofu,P1,2,314,3,RED,5,0
/about/,about,P2,0,31,0,RED,0,0
/blog/,blog-hub,P2,0,86,0,RED,0,0
/career-resources/,resource-hub,P2,1,19,0,RED,0,0
/career-resources/arts-and-humanities-careers-that-pay-well-today/,resource,P2,1,142,0,RED,0,0
/career-resources/copywriting-career-roadmap/,resource,P2,2,19,0,RED,0,0
/career-resources/creating-a-portfolio-without-work-experience/,resource,P2,0,45,0,RED,0,0
/career-resources/github-for-non-developers-build-a-portfolio-without-code/,resource,P2,0,32,0,RED,0,0
/career-resources/how-indian-freelancers-make-1-5-lakh-month/,resource,P2,1,20,0,RED,0,0
/career-resources/multiplier-skill-guide-one-addition-that-doubles-value/,resource,P2,0,64,0,RED,0,0
/career-resources/night-shift-plan-learn-7pm-11pm-without-burning-out/,resource,P2,0,32,0,RED,0,0
/career-resources/prompt-engineering-for-non-technical-professionals/,resource,P2,1,71,0,RED,0,0
/career-resources/resume-that-gets-shortlisted-in-india/,resource,P2,0,26,0,RED,0,0
/career-resources/ux-ui-design-career-roadmap/,resource,P2,0,26,0,RED,0,0
/career-resources/video-editing-content-creation-roadmap/,resource,P2,1,5,0,RED,0,0
/contact/,other,P2,0,43,0,RED,0,0
/locations/,other,P2,1,70,0,RED,0,0
/services/,services-hub,P2,1,39,0,AMBER,4,0
/services/assessments/big-5-personality-test-careers/,assessment,P2,0,30,3,RED,7,0
/services/assessments/career-aptitude-test-for-teens/,assessment,P2,2,35,3,RED,7,0
/services/assessments/career-test-for-8th-graders/,assessment,P2,2,23,3,RED,7,0
/services/assessments/disc-personality-test-careers/,assessment,P2,0,46,3,RED,7,0
/services/assessments/graduates-and-early-professionals/,assessment,P2,1,11,3,RED,7,0
/services/assessments/numerical-reasoning-test/,assessment,P2,1,5,3,RED,7,0
/services/assessments/psychometric-test-for-career/,assessment,P2,0,26,3,RED,7,0
/services/assessments/riasec-career-test/,assessment,P2,1,14,3,RED,7,0
/services/assessments/vark-learning-style-test/,assessment,P2,2,76,3,RED,7,0
/services/career-counselling-and-career-guidance/,bofu-hub,P2,1,51,0,AMBER,4,0
/services/career-counselling-and-career-guidance/best-career-assessment-platform/,bofu,P2,0,41,3,RED,5,0
/services/career-counselling-and-career-guidance/best-career-counselling-online/,bofu,P2,2,18,3,RED,5,0
/services/career-counselling-and-career-guidance/best-career-counselling-platform/,bofu,P2,0,27,3,RED,5,0
/services/career-counselling-and-career-guidance/career-coach-near-me/,bofu,P2,0,28,3,RED,5,0
/services/career-counselling-and-career-guidance/career-counselling-after-graduation/,bofu,P2,1,15,3,RED,5,0
/services/career-counselling-and-career-guidance/career-counselling-fees/,bofu,P2,1,105,3,RED,5,0
/services/career-counselling-and-career-guidance/career-counselling-for-engineering-students/,bofu,P2,1,9,3,RED,5,0
/services/career-counselling-and-career-guidance/career-counselling-for-pcm-students/,bofu,P2,1,25,3,RED,5,0
/services/career-counselling-and-career-guidance/career-counselling-helpline/,bofu,P2,0,31,3,RED,5,0
/services/career-counselling-and-career-guidance/career-counselling-questions-for-students/,bofu,P2,0,119,3,RED,5,0
/services/career-counselling-and-career-guidance/career-counselling-session/,bofu,P2,2,33,3,RED,5,0
/services/career-counselling-and-career-guidance/career-development-workshop-online/,bofu,P2,1,7,3,RED,5,0
/services/career-counselling-and-career-guidance/career-guidance-after-12th-online/,bofu,P2,1,37,3,RED,5,0
/services/career-counselling-and-career-guidance/career-guidance-after-12th/,bofu,P2,0,50,3,RED,5,0
/services/career-counselling-and-career-guidance/career-guidance-after-bcom/,bofu,P2,1,34,3,RED,5,0
/services/career-counselling-and-career-guidance/career-guidance-after-engineering-without-placement/,bofu,P2,0,38,3,RED,5,0
/services/career-counselling-and-career-guidance/career-guidance-counselor/,bofu,P2,0,66,3,RED,5,0
/services/career-counselling-and-career-guidance/career-guidance-online/,bofu,P2,0,78,3,RED,5,0
/services/career-counselling-and-career-guidance/career-guidance-platform-review/,bofu,P2,0,28,3,RED,5,0
/services/career-counselling-and-career-guidance/career-guidance-session/,bofu,P2,0,25,3,RED,5,0
/services/career-counselling-and-career-guidance/career-guidance/,bofu,P2,0,46,3,RED,7,0
/services/career-counselling-and-career-guidance/executive-career-coaching/,bofu,P2,0,35,3,RED,5,0
/services/career-counselling-and-career-guidance/locations/career-counselling-in-agra/,location,P2,1,6,3,RED,5,0
/services/career-counselling-and-career-guidance/locations/career-counselling-in-goa/,location,P2,0,32,3,RED,5,0
/services/career-counselling-and-career-guidance/locations/career-counselling-in-pune/,location,P2,1,22,3,RED,5,0
/services/career-counselling-and-career-guidance/locations/career-counselling-in-ranchi/,location,P2,0,25,3,RED,5,0
/services/career-counselling-and-career-guidance/locations/career-counselling-in-surat/,location,P2,1,5,3,RED,5,0
/services/career-counselling-and-career-guidance/student-career-guidance/,bofu,P2,0,66,3,RED,5,0
/about/allu-vagdevi/,about,P3,0,0,0,RED,0,0
/about/shivanshi-sehgal/,about,P3,0,1,0,RED,0,0
/blog/ai-future/,blog-hub,P3,0,0,0,RED,0,0
/blog/assessments/,blog-hub,P3,0,0,0,RED,0,0
/blog/career-change/,blog-hub,P3,0,0,0,RED,0,0
/blog/career-guidance/,blog-hub,P3,0,0,0,RED,0,0
/blog/career-options/,blog-hub,P3,0,2,0,RED,0,0
/blog/college-degrees/,blog-hub,P3,0,0,0,RED,0,0
/blog/freelancing-business/,blog-hub,P3,0,0,0,RED,0,0
/blog/government-jobs/,blog-hub,P3,0,4,0,RED,0,0
/blog/industry-guides/,blog-hub,P3,0,0,0,RED,0,0
/blog/internships/,blog-hub,P3,0,0,0,RED,0,0
/blog/interviews/,blog-hub,P3,0,0,0,RED,0,0
/blog/job-search/,blog-hub,P3,0,0,0,RED,0,0
/blog/linkedin-networking/,blog-hub,P3,0,0,0,RED,0,0
/blog/medical-careers/,blog-hub,P3,0,0,0,RED,0,0
/blog/mental-models/,blog-hub,P3,0,0,0,RED,0,0
/blog/negotiation/,blog-hub,P3,0,0,0,RED,0,0
/blog/parents/,blog-hub,P3,0,0,0,RED,0,0
/blog/portfolio-proof-of-work/,blog-hub,P3,0,0,0,RED,0,0
/blog/productivity-learning/,blog-hub,P3,0,0,0,RED,0,0
/blog/resume/,blog-hub,P3,0,0,0,RED,0,0
/blog/salary-growth/,blog-hub,P3,0,0,0,RED,0,0
/blog/skill-roadmaps/,blog-hub,P3,0,0,0,RED,0,0
/blog/skills/,blog-hub,P3,0,0,0,RED,0,0
/blog/stream-selection/,blog-hub,P3,0,0,0,RED,0,0
/blog/study-abroad/,blog-hub,P3,0,0,0,RED,0,0
/career-resources/3-career-profiles-which-type-are-you/,resource,P3,0,4,0,RED,0,0
/career-resources/ai-multiplier-skills-for-the-next-decade/,resource,P3,0,6,0,RED,0,0
/career-resources/ai-prompt-engineering-roadmap/,resource,P3,0,1,0,RED,0,0
/career-resources/are-you-a-people-thinker-or-systems-thinker/,resource,P3,0,10,0,RED,0,0
/career-resources/biology-check-self-assessment/,resource,P3,0,3,0,RED,0,0
/career-resources/biology-check-thinking-style/,resource,P3,0,0,0,RED,0,0
/career-resources/career-change-without-starting-over/,resource,P3,0,17,0,RED,0,0
/career-resources/career-profile-quiz-perfect-plan-passion-or-empire-builder/,resource,P3,0,0,0,RED,0,0
/career-resources/data-science-analytics-career-roadmap/,resource,P3,0,0,0,RED,0,0
/career-resources/digital-marketing-career-roadmap/,resource,P3,0,10,0,RED,0,0
/career-resources/financial-modelling-career-roadmap/,resource,P3,0,8,0,RED,0,0
/career-resources/freedom-number-how-much-do-you-actually-need-to-earn/,resource,P3,0,3,0,RED,0,0
/career-resources/from-employee-to-freelancer-the-real-roadmap/,resource,P3,0,2,0,RED,0,0
/career-resources/graphic-design-career-roadmap/,resource,P3,0,2,0,RED,0,0
/career-resources/high-income-skills-for-the-next-decade/,resource,P3,0,17,0,RED,0,0
/career-resources/how-to-ai-proof-your-career/,resource,P3,0,16,0,RED,0,0
/career-resources/how-to-ask-for-a-salary-raise-with-scripts/,resource,P3,0,0,0,RED,0,0
/career-resources/how-to-pick-the-right-online-course/,resource,P3,0,12,0,RED,0,0
/career-resources/new-jobs-ai-will-create-not-just-replace/,resource,P3,0,4,0,RED,0,0
/career-resources/personal-brand-without-posting-every-day/,resource,P3,0,1,0,RED,0,0
/career-resources/salary-negotiation-what-to-say-and-what-never-to-say/,resource,P3,0,7,0,RED,0,0
/career-resources/sales-career-roadmap-from-rep-to-revenue-leader/,resource,P3,0,5,0,RED,0,0
/career-resources/side-income-while-employed-7-legit-options/,resource,P3,0,18,0,RED,0,0
/career-resources/skill-sampling-try-before-you-commit/,resource,P3,0,18,0,RED,0,0
/career-resources/t-shaped-skill-stack-builder/,resource,P3,0,3,0,RED,0,0
/career-resources/tarzan-rule-the-exact-moment-to-quit-your-job/,resource,P3,0,2,0,RED,0,0
/career-resources/tech-leverage-automate-80-percent-of-your-work-reclaim-4-hours/,resource,P3,0,0,0,RED,0,0
/career-resources/the-4-checkpoint-career-protocol-explained/,resource,P3,0,0,0,RED,0,0
/career-resources/using-ai-tools-without-getting-replaced/,resource,P3,0,3,0,RED,0,0
/career-resources/web-development-career-roadmap/,resource,P3,0,13,0,RED,0,0
/career-resources/what-to-do-when-your-passion-doesnt-pay/,resource,P3,0,22,0,RED,0,0
/career-skills-compass/careers/,compass,P3,0,3,0,RED,0,0
/career-skills-compass/direction/,compass,P3,0,2,0,RED,0,0
/career-skills-compass/method/,compass,P3,0,8,0,RED,0,0
/career-skills-compass/skills/,compass,P3,0,1,0,RED,0,0
/career-skills-compass/transition/,compass,P3,0,0,0,RED,0,0
/dashboard/career-decision/,other,P3,0,0,0,RED,0,0
/services/assessments/ai-career-readiness-test/,assessment,P3,0,10,3,RED,7,0
/services/assessments/aptitude-test-for-career-after-12th/,assessment,P3,0,0,3,RED,7,0
/services/assessments/aptitude-test/,assessment,P3,0,13,3,RED,7,0
/services/assessments/aptitude/,assessment,P3,0,0,0,RED,0,0
/services/assessments/career-aptitude-test-for-adults/,assessment,P3,0,9,3,RED,7,0
/services/assessments/career-aptitude-test-for-class-10/,assessment,P3,0,4,3,RED,7,0
/services/assessments/career-aptitude-test-for-class-9/,assessment,P3,0,1,3,RED,7,0
/services/assessments/career-aptitude-test-for-college-students/,assessment,P3,0,5,3,RED,7,0
/services/assessments/career-aptitude-test-for-kids/,assessment,P3,0,16,3,RED,7,0
/services/assessments/career-aptitude-test-for-students/,assessment,P3,0,0,3,RED,7,0
/services/assessments/career-aptitude-test-online/,assessment,P3,0,0,0,RED,0,0
/services/assessments/career-change-test/,assessment,P3,0,4,3,RED,7,0
/services/assessments/career-choosing-test-after-10th/,assessment,P3,0,1,3,RED,7,0
/services/assessments/career-counselling-test-after-10th/,assessment,P3,0,0,3,RED,7,0
/services/assessments/career-counselling-test-for-10th-std-students/,assessment,P3,0,0,3,RED,7,0
/services/assessments/career-guidance-test-after-10th/,assessment,P3,0,0,3,RED,7,0
/services/assessments/career-interest-test/,assessment,P3,0,0,3,RED,7,0
/services/assessments/career-role-test/,assessment,P3,0,0,3,RED,7,0
/services/assessments/career-test-after-graduation/,assessment,P3,0,0,3,RED,7,0
/services/assessments/career-test-online/,assessment,P3,0,0,0,RED,0,0
/services/assessments/career-test/,assessment,P3,0,0,3,RED,7,0
/services/assessments/emotional-intelligence-test-careers/,assessment,P3,0,0,3,RED,7,0
/services/assessments/enneagram-personality-test-careers/,assessment,P3,0,0,3,RED,7,0
/services/assessments/entrepreneurial-aptitude-test/,assessment,P3,0,0,3,RED,7,0
/services/assessments/free-job-career-test/,assessment,P3,0,0,0,RED,0,0
/services/assessments/holland-code-free-career-test/,assessment,P3,0,0,3,RED,7,0
/services/assessments/job-aptitude-test/,assessment,P3,0,2,0,RED,0,0
/services/assessments/job-career-aptitude-test/,assessment,P3,0,0,0,RED,0,0
/services/assessments/myers-briggs-career-test/,assessment,P3,0,11,3,RED,7,0
/services/assessments/personality-test-for-career/,assessment,P3,0,4,3,RED,7,0
/services/assessments/placement-aptitude-test/,assessment,P3,0,2,3,RED,7,0
/services/assessments/professional-skill-assessment/,assessment,P3,0,2,3,RED,7,0
/services/assessments/psychometric-test/,assessment,P3,0,3,3,RED,7,0
/services/assessments/psychometric/,assessment,P3,0,0,0,RED,0,0
/services/assessments/riasec-holland-code-career-test/,assessment,P3,0,0,3,RED,7,0
/services/assessments/skill-test/,assessment,P3,0,10,3,RED,7,0
/services/assessments/verbal-reasoning-test/,assessment,P3,0,0,3,RED,7,0
/services/assessments/working-professionals-and-career-changers/,assessment,P3,0,11,3,RED,7,0
/services/career-counselling-and-career-guidance/affordable-career-counselling/,bofu,P3,0,19,3,RED,5,0
/services/career-counselling-and-career-guidance/best-career-aptitude-test/,bofu,P3,0,17,3,RED,5,0
/services/career-counselling-and-career-guidance/best-career-counselling-for-students/,bofu,P3,0,4,3,RED,5,0
/services/career-counselling-and-career-guidance/best-career-counsellor/,bofu,P3,0,5,3,RED,5,0
/services/career-counselling-and-career-guidance/best-career-guidance-website/,bofu,P3,0,8,3,RED,5,0
/services/career-counselling-and-career-guidance/best-online-career-guidance/,bofu,P3,0,24,3,RED,5,0
/services/career-counselling-and-career-guidance/best-skill-development-platform/,bofu,P3,0,3,3,RED,5,0
/services/career-counselling-and-career-guidance/career-coach-online/,bofu,P3,0,5,3,RED,5,0
/services/career-counselling-and-career-guidance/career-coaching-for-career-change/,bofu,P3,0,0,3,RED,5,0
/services/career-counselling-and-career-guidance/career-coaching-for-engineering-students/,bofu,P3,0,12,3,RED,5,0
/services/career-counselling-and-career-guidance/career-coaching-for-entrepreneurs/,bofu,P3,0,3,3,RED,5,0
/services/career-counselling-and-career-guidance/career-coaching-for-freshers/,bofu,P3,0,0,3,RED,5,0
/services/career-counselling-and-career-guidance/career-coaching-for-it-professionals/,bofu,P3,0,3,3,RED,5,0
/services/career-counselling-and-career-guidance/career-coaching-for-layoff-recovery/,bofu,P3,0,0,3,RED,5,0
/services/career-counselling-and-career-guidance/career-coaching-for-mid-career-professionals/,bofu,P3,0,3,3,RED,5,0
/services/career-counselling-and-career-guidance/career-coaching-for-professionals/,bofu,P3,0,5,3,RED,5,0
/services/career-counselling-and-career-guidance/career-coaching-for-science-students/,bofu,P3,0,3,3,RED,5,0
/services/career-counselling-and-career-guidance/career-coaching-for-women/,bofu,P3,0,0,3,RED,5,0
/services/career-counselling-and-career-guidance/career-counselling-after-10th/,bofu,P3,0,7,3,RED,5,0
/services/career-counselling-and-career-guidance/career-counselling-after-12th/,bofu,P3,0,5,3,RED,5,0
/services/career-counselling-and-career-guidance/career-counselling-after-engineering/,bofu,P3,0,11,3,RED,5,0
/services/career-counselling-and-career-guidance/career-counselling-benefits-for-students/,bofu,P3,0,3,3,RED,5,0
/services/career-counselling-and-career-guidance/career-counselling-benefits/,bofu,P3,0,3,3,RED,5,0
/services/career-counselling-and-career-guidance/career-counselling-consultation/,bofu,P3,0,0,3,RED,5,0
/services/career-counselling-and-career-guidance/career-counselling-cost/,bofu,P3,0,1,3,RED,5,0
/services/career-counselling-and-career-guidance/career-counselling-for-11th-class-students/,bofu,P3,0,24,3,RED,5,0
/services/career-counselling-and-career-guidance/career-counselling-for-12th-students/,bofu,P3,0,6,3,RED,5,0
/services/career-counselling-and-career-guidance/career-counselling-for-adults-online/,bofu,P3,0,0,3,RED,5,0
/services/career-counselling-and-career-guidance/career-counselling-for-adults/,bofu,P3,0,0,3,RED,5,0
/services/career-counselling-and-career-guidance/career-counselling-for-arts-students/,bofu,P3,0,2,3,RED,5,0
/services/career-counselling-and-career-guidance/career-counselling-for-bds-graduates/,bofu,P3,0,11,3,RED,5,0
/services/career-counselling-and-career-guidance/career-counselling-for-ca-aspirants/,bofu,P3,0,8,3,RED,5,0
/services/career-counselling-and-career-guidance/career-counselling-for-class-10-students/,bofu,P3,0,4,3,RED,5,0
/services/career-counselling-and-career-guidance/career-counselling-for-college-students/,bofu,P3,0,4,3,RED,5,0
/services/career-counselling-and-career-guidance/career-counselling-for-commerce-students/,bofu,P3,0,18,3,RED,5,0
/services/career-counselling-and-career-guidance/career-counselling-for-dropouts/,bofu,P3,0,4,3,RED,5,0
/services/career-counselling-and-career-guidance/career-counselling-for-first-generation-graduates/,bofu,P3,0,0,3,RED,5,0
/services/career-counselling-and-career-guidance/career-counselling-for-freshers/,bofu,P3,0,0,3,RED,5,0
/services/career-counselling-and-career-guidance/career-counselling-for-government-exam-aspirants/,bofu,P3,0,21,3,RED,5,0
/services/career-counselling-and-career-guidance/career-counselling-for-government-jobs/,bofu,P3,0,13,3,RED,5,0
/services/career-counselling-and-career-guidance/career-counselling-for-it-professionals/,bofu,P3,0,12,3,RED,5,0
/services/career-counselling-and-career-guidance/career-counselling-for-low-cgpa-students/,bofu,P3,0,3,3,RED,5,0
/services/career-counselling-and-career-guidance/career-counselling-for-mba-graduates/,bofu,P3,0,14,3,RED,5,0
/services/career-counselling-and-career-guidance/career-counselling-for-mba-students/,bofu,P3,0,1,3,RED,5,0
/services/career-counselling-and-career-guidance/career-counselling-for-neet-aspirants/,bofu,P3,0,5,3,RED,5,0
/services/career-counselling-and-career-guidance/career-counselling-for-nri-students/,bofu,P3,0,4,3,RED,5,0
/services/career-counselling-and-career-guidance/career-counselling-for-parents/,bofu,P3,0,0,3,RED,5,0
/services/career-counselling-and-career-guidance/career-counselling-for-school-students/,bofu,P3,0,9,3,RED,5,0
/services/career-counselling-and-career-guidance/career-counselling-for-seniors/,bofu,P3,0,0,3,RED,5,0
/services/career-counselling-and-career-guidance/career-counselling-for-students/,bofu,P3,0,0,3,RED,5,0
/services/career-counselling-and-career-guidance/career-counselling-for-study-abroad/,bofu,P3,0,1,3,RED,5,0
/services/career-counselling-and-career-guidance/career-counselling-for-tier-2-college-students/,bofu,P3,0,0,3,RED,5,0
/services/career-counselling-and-career-guidance/career-counselling-for-upsc-aspirants/,bofu,P3,0,12,3,RED,5,0
/services/career-counselling-and-career-guidance/career-counselling-for-women/,bofu,P3,0,3,3,RED,5,0
/services/career-counselling-and-career-guidance/career-counselling-for-working-professionals/,bofu,P3,0,0,3,RED,5,0
/services/career-counselling-and-career-guidance/career-counselling-in-delhi-after-10th/,bofu,P3,0,6,3,RED,5,0
/services/career-counselling-and-career-guidance/career-counselling-in-mumbai-after-10th/,bofu,P3,0,4,3,RED,5,0
/services/career-counselling-and-career-guidance/career-counselling-online/,bofu,P3,0,22,3,RED,5,0
/services/career-counselling-and-career-guidance/career-counselling-package/,bofu,P3,0,0,3,RED,5,0
/services/career-counselling-and-career-guidance/career-counselling-program/,bofu,P3,0,0,3,RED,5,0
/services/career-counselling-and-career-guidance/career-counselling-psychometric-test/,bofu,P3,0,12,3,RED,5,0
/services/career-counselling-and-career-guidance/career-counselling-service/,bofu,P3,0,0,3,RED,5,0
/services/career-counselling-and-career-guidance/career-counselling-subscription/,bofu,P3,0,0,3,RED,5,0
/services/career-counselling-and-career-guidance/career-counselling-vs-career-coaching/,bofu,P3,0,5,3,RED,5,0
/services/career-counselling-and-career-guidance/career-counselling-workshop/,bofu,P3,0,7,3,RED,5,0
/services/career-counselling-and-career-guidance/career-counselling/,bofu,P3,0,14,3,RED,5,0
/services/career-counselling-and-career-guidance/career-guidance-after-10th/,bofu,P3,0,0,3,RED,5,0
/services/career-counselling-and-career-guidance/career-guidance-after-12th-computer-science/,bofu,P3,0,0,3,RED,5,0
/services/career-counselling-and-career-guidance/career-guidance-after-b-tech-ece/,bofu,P3,0,0,3,RED,5,0
/services/career-counselling-and-career-guidance/career-guidance-after-bba/,bofu,P3,0,9,3,RED,5,0
/services/career-counselling-and-career-guidance/career-guidance-after-bsc/,bofu,P3,0,4,3,RED,5,0
/services/career-counselling-and-career-guidance/career-guidance-after-gap-year/,bofu,P3,0,9,3,RED,5,0
/services/career-counselling-and-career-guidance/career-guidance-expert-online/,bofu,P3,0,0,3,RED,5,0
/services/career-counselling-and-career-guidance/career-guidance-for-30-year-olds/,bofu,P3,0,4,3,RED,5,0
/services/career-counselling-and-career-guidance/career-guidance-for-confused-students/,bofu,P3,0,11,3,RED,5,0
/services/career-counselling-and-career-guidance/career-guidance-for-low-board-scores/,bofu,P3,0,0,3,RED,5,0
/services/career-counselling-and-career-guidance/career-guidance-for-women-returning-to-work/,bofu,P3,0,15,3,RED,5,0
/services/career-counselling-and-career-guidance/career-guidance-service/,bofu,P3,0,5,3,RED,5,0
/services/career-counselling-and-career-guidance/career-mentoring-program/,bofu,P3,0,7,3,RED,5,0
/services/career-counselling-and-career-guidance/career-planning-session-online/,bofu,P3,0,1,3,RED,5,0
/services/career-counselling-and-career-guidance/compare-career-counselling-services/,bofu,P3,0,20,3,RED,5,0
/services/career-counselling-and-career-guidance/counselling-for-career-planning/,bofu,P3,0,0,3,RED,5,0
/services/career-counselling-and-career-guidance/free-career-counselling-session/,bofu,P3,0,8,3,RED,5,0
/services/career-counselling-and-career-guidance/group-career-counselling-session/,bofu,P3,0,2,3,RED,5,0
/services/career-counselling-and-career-guidance/hire-a-career-coach/,bofu,P3,0,0,3,RED,5,0
/services/career-counselling-and-career-guidance/locations/,locations-hub,P3,0,3,3,RED,5,0
/services/career-counselling-and-career-guidance/locations/career-counselling-in-ahmedabad/,location,P3,0,9,3,RED,5,0
/services/career-counselling-and-career-guidance/locations/career-counselling-in-aurangabad/,location,P3,0,16,3,RED,5,0
/services/career-counselling-and-career-guidance/locations/career-counselling-in-bangalore/,location,P3,0,8,3,RED,5,0
/services/career-counselling-and-career-guidance/locations/career-counselling-in-bhopal/,location,P3,0,1,3,RED,5,0
/services/career-counselling-and-career-guidance/locations/career-counselling-in-bhubaneswar/,location,P3,0,3,3,RED,5,0
/services/career-counselling-and-career-guidance/locations/career-counselling-in-chandigarh/,location,P3,0,0,3,RED,5,0
/services/career-counselling-and-career-guidance/locations/career-counselling-in-chembur/,location,P3,0,0,3,RED,5,0
/services/career-counselling-and-career-guidance/locations/career-counselling-in-chennai/,location,P3,0,3,3,RED,5,0
/services/career-counselling-and-career-guidance/locations/career-counselling-in-coimbatore/,location,P3,0,3,3,RED,5,0
/services/career-counselling-and-career-guidance/locations/career-counselling-in-dadar/,location,P3,0,12,3,RED,5,0
/services/career-counselling-and-career-guidance/locations/career-counselling-in-delhi/,location,P3,0,16,3,RED,5,0
/services/career-counselling-and-career-guidance/locations/career-counselling-in-greater-noida/,location,P3,0,3,3,RED,5,0
/services/career-counselling-and-career-guidance/locations/career-counselling-in-gurgaon/,location,P3,0,3,3,RED,5,0
/services/career-counselling-and-career-guidance/locations/career-counselling-in-guwahati/,location,P3,0,22,3,RED,5,0
/services/career-counselling-and-career-guidance/locations/career-counselling-in-hyderabad/,location,P3,0,8,3,RED,5,0
/services/career-counselling-and-career-guidance/locations/career-counselling-in-jabalpur/,location,P3,0,0,3,RED,5,0
/services/career-counselling-and-career-guidance/locations/career-counselling-in-jaipur/,location,P3,0,3,3,RED,5,0
/services/career-counselling-and-career-guidance/locations/career-counselling-in-jalandhar/,location,P3,0,3,3,RED,5,0
/services/career-counselling-and-career-guidance/locations/career-counselling-in-jalgaon/,location,P3,0,0,3,RED,5,0
/services/career-counselling-and-career-guidance/locations/career-counselling-in-kalyan/,location,P3,0,3,3,RED,5,0
/services/career-counselling-and-career-guidance/locations/career-counselling-in-kandivali/,location,P3,0,0,3,RED,5,0
/services/career-counselling-and-career-guidance/locations/career-counselling-in-kanpur/,location,P3,0,14,3,RED,5,0
/services/career-counselling-and-career-guidance/locations/career-counselling-in-kolhapur/,location,P3,0,5,3,RED,5,0
/services/career-counselling-and-career-guidance/locations/career-counselling-in-kolkata/,location,P3,0,6,3,RED,5,0
/services/career-counselling-and-career-guidance/locations/career-counselling-in-kota/,location,P3,0,4,3,RED,5,0
/services/career-counselling-and-career-guidance/locations/career-counselling-in-lucknow/,location,P3,0,0,3,RED,5,0
/services/career-counselling-and-career-guidance/locations/career-counselling-in-ludhiana/,location,P3,0,14,3,RED,5,0
/services/career-counselling-and-career-guidance/locations/career-counselling-in-mumbai/,location,P3,0,5,3,RED,5,0
/services/career-counselling-and-career-guidance/locations/career-counselling-in-nagpur/,location,P3,0,9,3,RED,5,0
/services/career-counselling-and-career-guidance/locations/career-counselling-in-nashik/,location,P3,0,0,3,RED,5,0
/services/career-counselling-and-career-guidance/locations/career-counselling-in-navi-mumbai/,location,P3,0,0,3,RED,5,0
/services/career-counselling-and-career-guidance/locations/career-counselling-in-noida/,location,P3,0,0,3,RED,5,0
/services/career-counselling-and-career-guidance/locations/career-counselling-in-panchkula/,location,P3,0,0,3,RED,5,0
/services/career-counselling-and-career-guidance/locations/career-counselling-in-paschim-vihar/,location,P3,0,4,3,RED,5,0
/services/career-counselling-and-career-guidance/locations/career-counselling-in-pitampura/,location,P3,0,2,3,RED,5,0
/services/career-counselling-and-career-guidance/locations/career-counselling-in-raipur/,location,P3,0,7,3,RED,5,0
/services/career-counselling-and-career-guidance/locations/career-counselling-in-rajkot/,location,P3,0,0,3,RED,5,0
/services/career-counselling-and-career-guidance/locations/career-counselling-in-siliguri/,location,P3,0,2,3,RED,5,0
/services/career-counselling-and-career-guidance/locations/career-counselling-in-thane/,location,P3,0,1,3,RED,5,0
/services/career-counselling-and-career-guidance/locations/career-counselling-in-trivandrum/,location,P3,0,14,3,RED,5,0
/services/career-counselling-and-career-guidance/locations/career-counselling-in-vadodara/,location,P3,0,1,3,RED,5,0
/services/career-counselling-and-career-guidance/locations/career-counselling-in-visakhapatnam/,location,P3,0,0,3,RED,5,0
/services/career-counselling-and-career-guidance/one-on-one-career-coaching-session/,bofu,P3,0,7,3,RED,5,0
/services/career-counselling-and-career-guidance/online-career-counselling-services/,bofu,P3,0,19,3,RED,5,0
/services/career-counselling-and-career-guidance/professional-career-counselling/,bofu,P3,0,0,3,RED,5,0
/services/career-counselling-and-career-guidance/professional-career-guidance/,bofu,P3,0,3,3,RED,5,0
/services/career-counselling-and-career-guidance/top-career-coaching-services/,bofu,P3,0,0,3,RED,5,0
/services/career-counselling-and-career-guidance/trial-career-counselling-session/,bofu,P3,0,1,3,RED,5,0
/services/career-counselling-and-career-guidance/virtual-career-counselling/,bofu,P3,0,0,3,RED,5,0
/services/career-counselling-and-career-guidance/where-to-get-career-counselling/,bofu,P3,0,1,3,RED,5,0
/services/career-counselling-and-career-guidance/working-professional-career-guidance/,bofu,P3,0,0,3,RED,5,0
